,dli,wind_direction,vpd,ndvi,mean_tbelow,lat,precip_hours,lfairdelta,kc,sample_pct,prate,slp,rh_at_mint,tdew_at_mint,gdd_source,time,lfw,wind_speed_max,max_tdew,swdw,sunshine_duration,ea,rh_at_maxt,device,meant,tdew,maxt_time,low_quality,crop_water_demand,long,mint_time,location,maxt,gdd,gdd_cumulative,wind_speed_min,etc,min_rh,gdd_cumulative_source,cl,et,precip,wind_heading,wind_speed,mint
0,34.82,,,0.16,,42.1218,,8.5,0.06,,,101.8,,,,2018-06-09T00:00:00Z,,,,25.9,,,,A000680,19.6,,,,,-71.8065,,5b1aaa3af2a0ff00019bedea,23.3,,,,0.3,,,-0.04,5.2,,,,15.1
1,24.48,,,0.16,,42.1218,,6.0,0.06,,,101.7,,,,2018-06-10T00:00:00Z,,,,18.2,,,,A000680,17.8,,,,,-71.8065,,5b1aaa3af2a0ff00019bedea,22.4,,,,0.2,,,-0.04,3.8,,,,14.5
2,31.68,,,0.16,,42.1218,,11.0,0.07,,,101.7,,,,2018-06-11T00:00:00Z,,,,23.6,,,,A000680,15.2,,,,,-71.8065,,5b1aaa3af2a0ff00019bedea,22.2,,,,0.3,,,-0.03,4.3,,,,11.5
3,39.85,,,0.16,,42.1218,,10.0,0.06,,0.0,102.1,,,,2018-06-12T00:00:00Z,,,,29.6,,,,A000680,15.2,,,,,-71.8065,,5b1aaa3af2a0ff00019bedea,20.1,,,,0.3,,,-0.03,5.2,0.0,,,10.0
4,13.04,,,0.18,,42.1218,,4.5,0.09,,0.2,101.4,,,,2018-06-13T00:00:00Z,,,,9.7,,,,A000680,16.5,,,,,-71.8065,,5b1aaa3af2a0ff00019bedea,19.5,,,,0.1,,,-0.01,1.1,0.2,,,12.7
5,32.33,,,0.18,,42.1218,,8.3,0.09,,2.3,100.5,,,,2018-06-14T00:00:00Z,,,,24.0,,,,A000680,18.7,,,,,-71.8065,,5b1aaa3af2a0ff00019bedea,20.4,,,,0.4,,,-0.03,4.3,2.3,,,16.2
6,11.09,,,0.26,,42.1218,,3.8,0.21,,0.3,101.2,,,,2018-06-15T00:00:00Z,,,,8.2,,,,A000680,15.2,,,,,-71.8065,,5b1aaa3af2a0ff00019bedea,18.9,,,,0.2,,,0.02,1.1,0.3,,,13.1
7,38.15,,,0.18,,42.1218,,9.1,0.08,,,101.5,,,,2018-06-16T00:00:00Z,,,,28.4,,,,A000680,19.5,,,,,-71.8065,,5b1aaa3af2a0ff00019bedea,26.6,,,,0.5,,,-0.05,5.3,,,,12.3
8,40.39,,,0.17,,42.1218,,8.7,0.07,,,101.7,,,,2018-06-17T00:00:00Z,,,,30.0,,,,A000680,23.8,,,,,-71.8065,,5b1aaa3af2a0ff00019bedea,31.0,,,,0.4,,,-0.07,6.2,,,,17.6
9,30.58,,,0.2,,42.1218,,7.4,0.12,,6.5,101.4,,,,2018-06-18T00:00:00Z,,,,22.7,,,,A000680,22.1,,,,,-71.8065,,5b1aaa3af2a0ff00019bedea,27.0,,,,0.5,,,-0.04,4.0,6.5,,,18.0
10,39.72,,,0.27,,42.1218,,7.3,0.23,,1.7,100.7,,,,2018-06-19T00:00:00Z,,,,29.5,,,,A000680,21.3,,,,,-71.8065,,5b1aaa3af2a0ff00019bedea,25.0,,,,1.2,,,-0.02,5.5,1.7,,,18.3
11,31.23,,,0.27,,42.1218,,7.2,0.22,,0.0,101.1,,,,2018-06-20T00:00:00Z,,,,23.2,,,,A000680,19.6,,,,,-71.8065,,5b1aaa3af2a0ff00019bedea,23.7,,,,1.0,,,-0.02,4.5,0.0,,,14.9
12,37.93,,,0.25,,42.1218,,8.4,0.19,,,100.8,,,,2018-06-21T00:00:00Z,,,,28.2,,,,A000680,20.7,,,,,-71.8065,,5b1aaa3af2a0ff00019bedea,27.7,,,,1.0,,,-0.03,5.4,,,,16.5
13,36.07,,,0.28,,42.1218,,9.2,0.23,,,101.5,,,,2018-06-22T00:00:00Z,,,,26.8,,,,A000680,17.7,,,,,-71.8065,,5b1aaa3af2a0ff00019bedea,23.5,,,,1.1,,,-0.02,4.9,,,,13.6
14,9.16,,,0.33,,42.1218,,4.3,0.31,,0.0,101.5,,,,2018-06-23T00:00:00Z,,,,6.8,,,,A000680,14.2,,,,,-71.8065,,5b1aaa3af2a0ff00019bedea,16.5,,,,0.3,,,0.02,0.8,0.0,,,13.4
15,22.94,,,0.33,,42.1218,,8.4,0.31,,6.5,101.0,,,,2018-06-24T00:00:00Z,,,,17.1,,,,A000680,17.6,,,,,-71.8065,,5b1aaa3af2a0ff00019bedea,22.0,,,,0.7,,,-0.01,2.4,6.5,,,13.2
16,33.59,,,0.38,,42.1218,,8.3,0.38,,0.3,101.2,,,,2018-06-25T00:00:00Z,,,,25.0,,,,A000680,18.0,,,,,-71.8065,,5b1aaa3af2a0ff00019bedea,21.1,,,,1.7,,,0.01,4.4,0.3,,,14.3
17,41.18,,,0.34,,42.1218,,10.7,0.32,,,102.3,,,,2018-06-26T00:00:00Z,,,,30.6,,,,A000680,17.7,,,,,-71.8065,,5b1aaa3af2a0ff00019bedea,23.1,,,,1.9,,,-0.03,5.8,,,,11.3
18,23.58,,,0.41,,42.1218,,8.2,0.42,,0.1,102.0,,,,2018-06-27T00:00:00Z,,,,17.5,,,,A000680,17.5,,,,,-71.8065,,5b1aaa3af2a0ff00019bedea,20.7,,,,1.2,,,0.0,2.9,0.1,,,14.7
19,8.6,,,0.51,,42.1218,,2.9,0.58,,43.3,101.2,,,,2018-06-28T00:00:00Z,,,,6.4,,,,A000680,20.1,,,,,-71.8065,,5b1aaa3af2a0ff00019bedea,22.1,,,,0.1,,,0.05,0.2,43.3,,,17.2
20,42.13,,,0.5,,42.1218,,6.6,0.56,,,101.2,,,,2018-06-29T00:00:00Z,,,,31.3,,,,A000680,23.1,,,,,-71.8065,,5b1aaa3af2a0ff00019bedea,27.6,,,,3.6,,,0.0,6.4,,,,19.4
21,37.14,,,0.53,,42.1218,,6.7,0.6,,,101.6,,,,2018-06-30T00:00:00Z,,,,27.6,,,,A000680,25.3,,,,,-71.8065,,5b1aaa3af2a0ff00019bedea,29.3,,,,3.6,,,0.0,5.9,,,,21.8
22,37.43,,,0.57,,42.1218,,4.2,0.66,,,101.6,,,,2018-07-01T00:00:00Z,,,,27.8,,,,A000680,27.0,,,,,-71.8065,,5b1aaa3af2a0ff00019bedea,35.7,,,,3.9,,,-0.01,6.0,,,,21.3
23,38.8,,,0.6,,42.1218,,6.7,0.7,,,101.8,,,,2018-07-02T00:00:00Z,,,,28.9,,,,A000680,24.8,,,,,-71.8065,,5b1aaa3af2a0ff00019bedea,28.7,,,,3.9,,,0.02,5.5,,,,20.6
24,35.61,,,0.62,,42.1218,,6.2,0.73,,0.0,102.1,,,,2018-07-03T00:00:00Z,,,,26.5,,,,A000680,25.3,,,,,-71.8065,,5b1aaa3af2a0ff00019bedea,30.3,,,,3.7,,,0.01,5.0,0.0,,,20.6
25,40.27,,,0.65,,42.1218,,5.4,0.77,,,102.5,,,,2018-07-04T00:00:00Z,,,,29.9,,,,A000680,27.1,,,,,-71.8065,,5b1aaa3af2a0ff00019bedea,32.7,,,,4.9,,,0.02,6.3,,,,22.8
26,37.98,,,0.68,,42.1218,,7.1,0.82,,,102.4,,,,2018-07-05T00:00:00Z,,,,28.2,,,,A000680,24.7,,,,,-71.8065,,5b1aaa3af2a0ff00019bedea,27.9,,,,4.3,,,0.03,5.2,,,,21.9
27,14.99,,,0.7,,42.1218,,2.3,0.84,,14.7,101.6,,,,2018-07-06T00:00:00Z,,,,11.1,,,,A000680,22.9,,,,,-71.8065,,5b1aaa3af2a0ff00019bedea,24.5,,,,1.4,,,0.1,1.6,14.7,,,16.6
28,41.21,,,0.73,,42.1218,,8.3,0.89,,,102.4,,,,2018-07-07T00:00:00Z,,,,30.7,,,,A000680,17.9,,,,,-71.8065,,5b1aaa3af2a0ff00019bedea,24.1,,,,5.5,,,0.05,6.2,,,,12.1
29,41.14,,,0.73,,42.1218,,6.9,0.89,,,102.6,,,,2018-07-08T00:00:00Z,,,,30.6,,,,A000680,20.7,,,,,-71.8065,,5b1aaa3af2a0ff00019bedea,29.3,,,,5.9,,,0.03,6.6,,,,12.8
30,40.66,,,0.74,,42.1218,,7.1,0.91,,,102.2,,,,2018-07-09T00:00:00Z,,,,30.2,,,,A000680,21.2,,,,,-71.8065,,5b1aaa3af2a0ff00019bedea,27.8,,,,5.6,,,0.04,6.2,,,,15.2
31,39.2,,,0.75,,42.1218,,6.3,0.92,,,101.3,,,,2018-07-10T00:00:00Z,,,,29.2,,,,A000680,23.1,,,,,-71.8065,,5b1aaa3af2a0ff00019bedea,28.9,,,,5.7,,,0.03,6.2,,,,16.6
32,30.84,,,0.74,,42.1218,,4.9,0.9,,,101.3,,,,2018-07-11T00:00:00Z,,,,22.9,,,,A000680,21.4,,,,,-71.8065,,5b1aaa3af2a0ff00019bedea,25.0,,,,,,,0.07,,,,,19.1
33,41.12,,,0.76,,42.1218,,7.0,0.94,,,102.2,,,,2018-07-12T00:00:00Z,,,,30.6,,,,A000680,20.6,,,,,-71.8065,,5b1aaa3af2a0ff00019bedea,27.8,,,,6.0,,,0.05,6.4,,,,14.7
34,31.72,,,0.77,,42.1218,,8.2,0.95,,0.0,102.3,,,,2018-07-13T00:00:00Z,,,,23.6,,,,A000680,20.5,,,,,-71.8065,,5b1aaa3af2a0ff00019bedea,29.4,,,,4.4,,,0.05,4.7,0.0,,,16.7
35,23.32,,,0.75,,42.1218,,5.5,0.93,,,102.0,,,,2018-07-14T00:00:00Z,,,,17.3,,,,A000680,19.7,,,,,-71.8065,,5b1aaa3af2a0ff00019bedea,25.2,,,,2.8,,,0.08,3.0,,,,15.0
36,32.54,,,0.78,,42.1218,,4.9,0.96,,0.0,101.4,,,,2018-07-15T00:00:00Z,,,,24.2,,,,A000680,24.4,,,,,-71.8065,,5b1aaa3af2a0ff00019bedea,35.2,,,,4.8,,,0.05,5.0,0.0,,,18.5
37,29.74,,,0.78,,42.1218,,5.1,0.96,,0.0,101.4,,,,2018-07-16T00:00:00Z,,,,22.1,,,,A000680,24.9,,,,,-71.8065,,5b1aaa3af2a0ff00019bedea,33.8,,,,4.1,,,0.06,4.2,0.0,,,19.9
38,21.07,,,0.78,,42.1218,,5.2,0.97,,37.2,101.1,,,,2018-07-17T00:00:00Z,,,,15.7,,,,A000680,22.0,,,,,-71.8065,,5b1aaa3af2a0ff00019bedea,27.0,,,,2.3,,,0.08,2.3,37.2,,,19.8
39,38.37,,,0.8,,42.1218,,7.5,0.99,,,101.1,,,,2018-07-18T00:00:00Z,,,,28.5,,,,A000680,20.5,,,,,-71.8065,,5b1aaa3af2a0ff00019bedea,24.9,,,,5.6,,,0.08,5.6,,,,17.1
40,40.2,,,0.8,,42.1218,,6.7,1.0,,0.0,101.8,,,,2018-07-19T00:00:00Z,,,,29.9,,,,A000680,20.7,,,,,-71.8065,,5b1aaa3af2a0ff00019bedea,29.2,,,,6.7,,,0.06,6.7,0.0,,,13.4
41,40.21,,,0.81,,42.1218,,6.1,1.0,,,102.1,,,,2018-07-20T00:00:00Z,,,,29.9,,,,A000680,21.1,,,,,-71.8065,,5b1aaa3af2a0ff00019bedea,31.1,,,,6.3,,,0.06,6.3,,,,15.3
42,38.17,,,0.81,,42.1218,,7.8,1.01,,,102.0,,,,2018-07-21T00:00:00Z,,,,28.4,,,,A000680,18.5,,,,,-71.8065,,5b1aaa3af2a0ff00019bedea,23.4,,,,5.4,,,0.09,5.4,,,,13.7
43,13.97,,,0.79,,42.1218,,4.4,0.98,,8.7,101.8,,,,2018-07-22T00:00:00Z,,,,10.4,,,,A000680,19.8,,,,,-71.8065,,5b1aaa3af2a0ff00019bedea,23.4,,,,1.2,,,0.11,1.2,8.7,,,16.0
44,24.58,,,0.81,,42.1218,,4.4,1.0,,1.2,102.3,,,,2018-07-23T00:00:00Z,,,,18.3,,,,A000680,23.0,,,,,-71.8065,,5b1aaa3af2a0ff00019bedea,25.2,,,,2.8,,,0.1,2.8,1.2,,,21.9
45,28.47,,,0.82,,42.1218,,5.5,1.02,,0.3,102.4,,,,2018-07-24T00:00:00Z,,,,21.2,,,,A000680,23.3,,,,,-71.8065,,5b1aaa3af2a0ff00019bedea,25.7,,,,3.7,,,0.1,3.6,0.3,,,22.1
46,17.04,,,0.8,,42.1218,,3.1,0.99,,1.5,101.8,,,,2018-07-25T00:00:00Z,,,,12.7,,,,A000680,22.7,,,,,-71.8065,,5b1aaa3af2a0ff00019bedea,24.3,,,,1.6,,,0.15,1.6,1.5,,,21.5
47,16.62,,,0.81,,42.1218,,4.4,1.0,,43.2,101.2,,,,2018-07-26T00:00:00Z,,,,12.4,,,,A000680,21.9,,,,,-71.8065,,5b1aaa3af2a0ff00019bedea,25.2,,,,1.5,,,0.14,1.5,43.2,,,20.7
48,32.02,,,0.82,,42.1218,,6.1,1.02,,,101.5,,,,2018-07-27T00:00:00Z,,,,23.8,,,,A000680,23.3,,,,,-71.8065,,5b1aaa3af2a0ff00019bedea,27.3,,,,4.4,,,0.11,4.3,,,,20.3
49,32.21,,,0.82,,42.1218,,5.9,1.02,,0.0,101.5,,,,2018-07-28T00:00:00Z,,,,24.0,,,,A000680,23.4,,,,,-71.8065,,5b1aaa3af2a0ff00019bedea,28.2,,,,4.5,,,0.11,4.4,0.0,,,20.6
50,30.52,,,0.82,,42.1218,,5.7,1.02,,,101.7,,,,2018-07-29T00:00:00Z,,,,22.7,,,,A000680,21.5,,,,,-71.8065,,5b1aaa3af2a0ff00019bedea,27.0,,,,4.5,,,0.12,4.4,,,,18.1
51,26.81,,,0.82,,42.1218,,4.9,1.03,,,102.0,,,,2018-07-30T00:00:00Z,,,,19.9,,,,A000680,21.3,,,,,-71.8065,,5b1aaa3af2a0ff00019bedea,31.1,,,,4.2,,,0.09,4.0,,,,16.5
52,33.7,,,0.83,,42.1218,,4.8,1.04,,,102.0,,,,2018-07-31T00:00:00Z,,,,25.1,,,,A000680,23.1,,,,,-71.8065,,5b1aaa3af2a0ff00019bedea,32.5,,,,5.5,,,0.09,5.3,,,,17.7
53,13.78,,,0.81,,42.1218,,2.6,1.0,,0.7,101.9,,,,2018-08-01T00:00:00Z,,,,10.2,,,,A000680,22.0,,,,,-71.8065,,5b1aaa3af2a0ff00019bedea,25.3,,,,1.2,,,0.15,1.2,0.7,,,17.6
54,33.0,,,0.85,,42.1218,,5.5,1.06,,1.2,101.8,,,,2018-08-02T00:00:00Z,,,,24.5,,,,A000680,24.6,,,,,-71.8065,,5b1aaa3af2a0ff00019bedea,29.3,,,,5.0,,,0.1,4.7,1.2,,,22.2
55,23.8,,,0.83,,42.1218,,5.6,1.03,,1.5,102.1,,,,2018-08-03T00:00:00Z,,,,17.7,,,,A000680,24.6,,,,,-71.8065,,5b1aaa3af2a0ff00019bedea,29.5,,,,3.0,,,0.12,2.9,1.5,,,21.4
56,12.58,,,0.78,,42.1218,,2.1,0.97,,24.7,101.9,,,,2018-08-04T00:00:00Z,,,,9.4,,,,A000680,22.6,,,,,-71.8065,,5b1aaa3af2a0ff00019bedea,26.4,,,,0.8,,,0.2,0.8,24.7,,,19.7
57,36.29,,,0.83,,42.1218,,4.4,1.04,,,102.0,,,,2018-08-05T00:00:00Z,,,,27.0,,,,A000680,25.2,,,,,-71.8065,,5b1aaa3af2a0ff00019bedea,33.0,,,,6.0,,,0.08,5.7,,,,19.3
58,34.53,,,0.83,,42.1218,,4.3,1.03,,,101.7,,,,2018-08-06T00:00:00Z,,,,25.7,,,,A000680,26.0,,,,,-71.8065,,5b1aaa3af2a0ff00019bedea,33.0,,,,5.5,,,0.09,5.3,,,,20.0
59,33.43,,,0.82,,42.1218,,5.7,1.02,,0.2,101.4,,,,2018-08-07T00:00:00Z,,,,24.9,,,,A000680,25.4,,,,,-71.8065,,5b1aaa3af2a0ff00019bedea,30.5,,,,4.9,,,0.09,4.8,0.2,,,21.9
60,27.04,,,0.79,,42.1218,,4.3,0.98,,15.5,101.2,,,,2018-08-08T00:00:00Z,,,,20.1,,,,A000680,25.8,,,,,-71.8065,,5b1aaa3af2a0ff00019bedea,35.8,,,,3.8,,,0.1,3.9,15.5,,,21.4
61,28.51,,,0.81,,42.1218,,5.4,1.01,,8.1,100.8,,,,2018-08-09T00:00:00Z,,,,21.2,,,,A000680,23.8,,,,,-71.8065,,5b1aaa3af2a0ff00019bedea,28.4,,,,4.1,,,0.11,4.0,8.1,,,19.9
62,28.79,,,0.82,,42.1218,,4.8,1.02,,,101.1,,,,2018-08-10T00:00:00Z,,,,21.4,,,,A000680,23.8,,,,,-71.8065,,5b1aaa3af2a0ff00019bedea,33.2,,,,4.7,,,0.09,4.6,,,,18.4
63,3.96,,,0.78,,42.1218,,1.9,0.96,,11.9,101.6,,,,2018-08-11T00:00:00Z,,,,2.9,,,,A000680,19.8,,,,,-71.8065,,5b1aaa3af2a0ff00019bedea,22.6,,,,-0.3,,,0.19,-0.3,11.9,,,17.5
64,10.14,,,0.79,,42.1218,,2.7,0.97,,0.3,101.8,,,,2018-08-12T00:00:00Z,,,,7.5,,,,A000680,20.7,,,,,-71.8065,,5b1aaa3af2a0ff00019bedea,22.9,,,,0.6,,,0.14,0.6,0.3,,,19.2
65,4.55,,,0.78,,42.1218,,2.7,0.97,,35.4,101.7,,,,2018-08-13T00:00:00Z,,,,3.4,,,,A000680,19.5,,,,,-71.8065,,5b1aaa3af2a0ff00019bedea,20.3,,,,-0.3,,,0.17,-0.3,35.4,,,18.6
66,15.93,,,0.77,,42.1218,,3.3,0.95,,3.4,101.2,,,,2018-08-14T00:00:00Z,,,,11.9,,,,A000680,22.7,,,,,-71.8065,,5b1aaa3af2a0ff00019bedea,28.0,,,,1.7,,,0.13,1.8,3.4,,,20.3
67,30.18,,,0.81,,42.1218,,5.6,1.01,,,101.1,,,,2018-08-15T00:00:00Z,,,,22.4,,,,A000680,23.3,,,,,-71.8065,,5b1aaa3af2a0ff00019bedea,29.4,,,,4.5,,,0.11,4.4,,,,19.5
68,29.39,,,0.8,,42.1218,,5.4,1.0,,,101.6,,,,2018-08-16T00:00:00Z,,,,21.9,,,,A000680,24.3,,,,,-71.8065,,5b1aaa3af2a0ff00019bedea,28.4,,,,4.3,,,0.1,4.3,,,,20.8
69,28.04,,,0.8,,42.1218,,5.5,0.99,,0.0,101.7,,,,2018-08-17T00:00:00Z,,,,20.9,,,,A000680,24.2,,,,,-71.8065,,5b1aaa3af2a0ff00019bedea,28.9,,,,4.1,,,0.09,4.1,0.0,,,19.6
70,16.62,,,0.8,,42.1218,,4.5,0.99,,19.1,101.0,,,,2018-08-18T00:00:00Z,,,,12.4,,,,A000680,22.4,,,,,-71.8065,,5b1aaa3af2a0ff00019bedea,28.7,,,,1.9,,,0.11,2.0,19.1,,,18.0
71,30.74,,,0.81,,42.1218,,6.5,1.0,,0.0,101.6,,,,2018-08-19T00:00:00Z,,,,22.9,,,,A000680,18.1,,,,,-71.8065,,5b1aaa3af2a0ff00019bedea,20.5,,,,4.1,,,0.14,4.1,0.0,,,16.3
72,21.61,,,0.78,,42.1218,,5.7,0.97,,,102.1,,,,2018-08-20T00:00:00Z,,,,16.1,,,,A000680,18.2,,,,,-71.8065,,5b1aaa3af2a0ff00019bedea,22.1,,,,2.7,,,0.14,2.8,,,,14.7
73,20.95,,,0.78,,42.1218,,5.6,0.97,,,101.9,,,,2018-08-21T00:00:00Z,,,,15.6,,,,A000680,18.5,,,,,-71.8065,,5b1aaa3af2a0ff00019bedea,23.5,,,,2.7,,,0.12,2.7,,,,14.3
74,18.54,,,0.79,,42.1218,,5.2,0.98,,10.2,100.7,,,,2018-08-22T00:00:00Z,,,,13.8,,,,A000680,20.2,,,,,-71.8065,,5b1aaa3af2a0ff00019bedea,24.9,,,,2.2,,,0.13,2.2,10.2,,,17.4
75,26.85,,,0.8,,42.1218,,7.5,1.0,,0.2,101.3,,,,2018-08-23T00:00:00Z,,,,20.0,,,,A000680,17.9,,,,,-71.8065,,5b1aaa3af2a0ff00019bedea,22.0,,,,3.8,,,0.13,3.8,0.2,,,15.5
76,31.53,,,0.79,,42.1218,,6.7,0.98,,,102.2,,,,2018-08-24T00:00:00Z,,,,23.4,,,,A000680,20.2,,,,,-71.8065,,5b1aaa3af2a0ff00019bedea,27.1,,,,4.8,,,0.1,4.8,,,,14.2
77,29.12,,,0.79,,42.1218,,6.5,0.97,,0.0,102.5,,,,2018-08-25T00:00:00Z,,,,21.7,,,,A000680,20.2,,,,,-71.8065,,5b1aaa3af2a0ff00019bedea,25.8,,,,4.1,,,0.11,4.2,0.0,,,16.5
78,30.1,,,0.78,,42.1218,,7.4,0.97,,,102.0,,,,2018-08-26T00:00:00Z,,,,22.4,,,,A000680,19.8,,,,,-71.8065,,5b1aaa3af2a0ff00019bedea,24.2,,,,4.0,,,0.1,4.1,,,,14.5
79,29.76,,,0.78,,42.1218,,5.5,0.97,,0.0,101.7,,,,2018-08-27T00:00:00Z,,,,22.1,,,,A000680,23.5,,,,,-71.8065,,5b1aaa3af2a0ff00019bedea,28.6,,,,4.2,,,0.1,4.4,0.0,,,19.5
80,30.69,,,0.78,,42.1218,,4.7,0.97,,,101.6,,,,2018-08-28T00:00:00Z,,,,22.8,,,,A000680,26.1,,,,,-71.8065,,5b1aaa3af2a0ff00019bedea,30.8,,,,4.4,,,0.08,4.5,,,,21.5
81,31.44,,,0.78,,42.1218,,4.9,0.96,,,101.4,,,,2018-08-29T00:00:00Z,,,,23.4,,,,A000680,27.1,,,,,-71.8065,,5b1aaa3af2a0ff00019bedea,30.8,,,,4.6,,,0.08,4.7,,,,23.3
82,28.88,,,0.78,,42.1218,,4.5,0.96,,,101.6,,,,2018-08-30T00:00:00Z,,,,21.5,,,,A000680,24.7,,,,,-71.8065,,5b1aaa3af2a0ff00019bedea,28.0,,,,4.3,,,0.09,4.4,,,,20.0
83,22.22,,,0.76,,42.1218,,4.5,0.93,,,102.6,,,,2018-08-31T00:00:00Z,,,,16.5,,,,A000680,18.2,,,,,-71.8065,,5b1aaa3af2a0ff00019bedea,22.8,,,,2.9,,,0.13,3.1,,,,14.3
84,24.14,,,0.77,,42.1218,,6.4,0.94,,,102.7,,,,2018-09-01T00:00:00Z,,,,18.0,,,,A000680,19.0,,,,,-71.8065,,5b1aaa3af2a0ff00019bedea,26.7,,,,3.4,,,0.11,3.6,,,,12.8
85,26.04,,,0.76,,42.1218,,6.9,0.94,,,102.4,,,,2018-09-02T00:00:00Z,,,,19.4,,,,A000680,20.7,,,,,-71.8065,,5b1aaa3af2a0ff00019bedea,26.0,,,,3.3,,,0.09,3.6,,,,15.9
86,28.49,,,0.77,,42.1218,,5.4,0.94,,,102.3,,,,2018-09-03T00:00:00Z,,,,21.2,,,,A000680,25.0,,,,,-71.8065,,5b1aaa3af2a0ff00019bedea,30.6,,,,3.9,,,0.08,4.1,,,,20.3
87,28.11,,,0.75,,42.1218,,3.3,0.92,,,102.3,,,,2018-09-04T00:00:00Z,,,,20.9,,,,A000680,26.4,,,,,-71.8065,,5b1aaa3af2a0ff00019bedea,33.0,,,,4.0,,,0.06,4.4,,,,21.1
88,27.38,,,0.75,,42.1218,,6.4,0.92,,,102.3,,,,2018-09-05T00:00:00Z,,,,20.4,,,,A000680,23.5,,,,,-71.8065,,5b1aaa3af2a0ff00019bedea,29.4,,,,3.4,,,0.08,3.8,,,,19.9
89,8.62,,,,,42.1218,,,0.92,,0.3,102.0,,,,2018-09-06T00:00:00Z,,,,6.4,,,,A000680,23.0,,,,,-71.8065,,5b1aaa3af2a0ff00019bedea,27.3,,,,1.2,,,,1.3,0.3,,,21.4
90,0.01,,,,24.6,42.1218,,,,,0.0,102.4,,,,2019-06-17T00:00:00Z,0.0,,,0.0,0.0,1.95,,A000680,23.7,16.0,,,,-71.8065,,5d08fd61c74fb853ad5853ac,25.6,,,,,,,,0.0,0.0,,,20.5
91,5.03,,,0.19,21.2,42.1218,,3.7,0.1,,3.0,101.3,,,,2019-06-18T00:00:00Z,0.0,,,3.7,3.1,1.77,,A000680,17.9,17.0,,,3.0,-71.8065,,5d08fd61c74fb853ad5853ac,21.2,,,,0.0,,,0.0,0.4,3.0,,,14.3
92,18.72,,,0.18,22.1,42.1218,,5.5,0.09,,0.0,101.1,,,,2019-06-19T00:00:00Z,0.0,,,13.9,11.7,1.84,,A000680,18.0,16.7,,,-0.2,-71.8065,,5d08fd61c74fb853ad5853ac,22.4,,,,0.2,,,-0.01,2.2,0.0,,,15.0
93,7.6,,,0.19,20.9,42.1218,,3.8,0.11,,12.4,100.2,,,,2019-06-20T00:00:00Z,0.0,,,5.7,6.2,1.72,,A000680,18.1,18.2,,,12.4,-71.8065,,5d08fd61c74fb853ad5853ac,20.7,,,,0.0,,,-0.02,0.2,12.4,,,14.9
94,12.52,,,0.18,20.2,42.1218,,4.4,0.09,,4.4,100.0,,,,2019-06-21T00:00:00Z,0.0,,,9.3,7.6,2.42,,A000680,17.3,15.6,,,4.3,-71.8065,,5d08fd61c74fb853ad5853ac,20.7,,,,0.1,,,0.0,1.1,4.4,,,13.8
95,32.7,,,0.16,20.4,42.1218,,7.0,0.06,,0.6,100.8,,,,2019-06-22T00:00:00Z,0.0,,,24.3,11.8,1.38,,A000680,16.9,10.5,,,0.3,-71.8065,,5d08fd61c74fb853ad5853ac,21.1,,,,0.3,,,-0.02,4.6,0.6,,,12.7
96,38.74,,,0.14,22.6,42.1218,,7.4,0.04,,0.0,101.1,,,,2019-06-23T00:00:00Z,0.0,,,28.8,12.2,1.24,,A000680,18.8,11.0,,,-0.2,-71.8065,,5d08fd61c74fb853ad5853ac,24.4,,,,0.2,,,-0.03,5.6,0.0,,,13.5
97,35.08,,,0.14,24.7,42.1217,,7.4,0.03,,0.0,100.9,,,,2019-06-24T00:00:00Z,0.0,,,26.1,11.8,1.46,,A000680,20.4,12.8,,,-0.1,-71.8065,,5d08fd61c74fb853ad5853ac,26.1,,,,0.1,,,-0.04,5.1,0.0,,,15.7
98,7.58,,,0.19,21.1,42.1218,,2.4,0.1,,3.2,101.1,,,,2019-06-25T00:00:00Z,0.0,,,5.6,5.5,1.67,,A000680,18.2,16.9,,,3.2,-71.8065,,5d08fd61c74fb853ad5853ac,20.6,,,,0.0,,,0.01,0.4,3.2,,,14.8
99,32.54,,,0.17,25.9,42.1218,,6.8,0.07,,0.0,101.5,,,,2019-06-26T00:00:00Z,0.0,,,24.2,11.8,1.8,,A000680,21.6,17.9,,,-0.3,-71.8065,,5d08fd61c74fb853ad5853ac,30.4,,,,0.3,,,-0.04,4.6,0.0,,,15.0
100,38.62,,,0.14,25.7,42.1218,,7.8,0.03,,0.0,101.8,,,,2019-06-27T00:00:00Z,0.0,,,28.7,11.7,2.04,,A000680,21.3,15.7,,,-0.2,-71.8065,,5d08fd61c74fb853ad5853ac,27.5,,,,0.2,,,-0.05,5.5,0.0,,,15.0
101,38.04,,,0.13,27.1,42.1218,,10.9,0.02,,0.0,101.9,,,,2019-06-28T00:00:00Z,0.0,,,28.3,11.9,1.7,,A000680,22.7,14.6,,,-0.1,-71.8065,,5d08fd61c74fb853ad5853ac,29.6,,,,0.1,,,-0.05,5.5,0.0,,,16.7
102,21.02,,,0.14,25.7,42.1218,,4.1,0.03,,2.8,101.3,,,,2019-06-29T00:00:00Z,0.0,,,15.6,10.3,1.79,,A000680,22.9,17.9,,,2.7,-71.8065,,5d08fd61c74fb853ad5853ac,28.3,,,,0.1,,,-0.04,2.7,2.8,,,18.8
103,19.62,,,0.21,20.8,42.1218,,5.6,0.14,,13.9,100.7,,,,2019-06-30T00:00:00Z,0.0,,,14.6,9.5,2.1,,A000680,17.7,15.2,,,13.6,-71.8065,,5d08fd61c74fb853ad5853ac,21.8,,,,0.3,,,-0.01,2.4,13.9,,,15.3
104,32.06,,,0.21,23.0,42.1218,,7.6,0.13,,0.0,101.1,,,,2019-07-01T00:00:00Z,0.0,,,23.8,11.5,1.84,,A000680,19.7,14.6,,,-0.6,-71.8065,,5d08fd61c74fb853ad5853ac,26.0,,,,0.6,,,-0.02,4.6,0.0,,,15.0
105,27.92,,,0.2,24.0,42.1218,,4.4,0.12,,0.0,100.8,,,,2019-07-02T00:00:00Z,0.0,,,20.8,11.5,1.71,,A000680,20.5,15.8,,,-0.4,-71.8065,,5d08fd61c74fb853ad5853ac,25.0,,,,0.4,,,-0.02,3.8,0.0,,,16.2
106,34.61,,,0.18,28.2,42.1218,,8.0,0.09,,0.0,101.0,,,,2019-07-03T00:00:00Z,0.0,,,25.7,12.2,1.96,,A000680,25.1,16.6,,,-0.5,-71.8065,,5d08fd61c74fb853ad5853ac,34.0,,,,0.5,,,-0.05,5.4,0.0,,,18.6
107,35.4,,,0.18,28.6,42.1218,,7.2,0.1,,0.0,101.8,,,,2019-07-04T00:00:00Z,0.0,,,26.3,11.8,1.97,,A000680,25.5,17.7,,,-0.5,-71.8064,,5d08fd61c74fb853ad5853ac,32.4,,,,0.5,,,-0.06,5.4,0.0,,,19.6
108,38.11,,,0.2,27.3,42.1218,,11.2,0.12,,0.0,102.0,,,,2019-07-05T00:00:00Z,0.0,,,28.3,12.2,2.15,,A000680,22.5,17.2,,,-0.6,-71.8065,,5d08fd61c74fb853ad5853ac,26.5,,,,0.6,,,-0.04,5.1,0.0,,,18.9
109,29.93,,,0.22,26.9,42.1217,,10.1,0.15,,22.9,101.3,,,,2019-07-06T00:00:00Z,0.0,,,22.3,9.8,2.38,,A000680,23.2,20.8,,,22.4,-71.8065,,5d08fd61c74fb853ad5853ac,29.5,,,,0.5,,,-0.04,3.6,22.9,,,19.9
110,35.71,,,0.29,24.7,42.1217,,9.4,0.26,,0.0,101.3,,,,2019-07-07T00:00:00Z,0.0,,,26.6,11.7,2.39,,A000680,20.8,15.9,,,-1.3,-71.8065,,5d08fd61c74fb853ad5853ac,27.1,,,,1.3,,,-0.01,5.0,0.0,,,16.1
111,33.82,,,0.3,24.5,42.1218,,8.7,0.26,,0.0,101.5,,,,2019-07-08T00:00:00Z,0.0,,,25.2,11.9,1.69,,A000680,20.5,12.2,,,-1.4,-71.8065,,5d08fd61c74fb853ad5853ac,26.6,,,,1.4,,,-0.02,5.2,0.0,,,15.4
112,38.9,,,0.28,26.4,42.1218,,8.0,0.24,,0.0,101.6,,,,2019-07-09T00:00:00Z,0.0,,,28.9,12.0,1.73,,A000680,22.2,13.6,,,-1.4,-71.8065,,5d08fd61c74fb853ad5853ac,27.9,,,,1.4,,,-0.04,6.0,0.0,,,16.5
113,36.92,,,0.3,27.8,42.1218,,7.8,0.27,,0.0,101.6,,,,2019-07-10T00:00:00Z,0.0,,,27.5,11.9,1.81,,A000680,24.0,15.7,,,-1.5,-71.8064,,5d08fd61c74fb853ad5853ac,29.8,,,,1.5,,,-0.03,5.7,0.0,,,18.3
114,23.05,,,0.36,25.0,42.1218,,4.5,0.35,,0.3,101.4,,,,2019-07-11T00:00:00Z,0.0,,,17.1,11.2,2.1,,A000680,21.8,18.6,,,-0.7,-71.8065,,5d08fd61c74fb853ad5853ac,25.6,,,,1.0,,,0.0,2.8,0.3,,,17.7
115,28.52,,,0.45,25.6,42.1218,,5.6,0.49,,13.8,100.6,,,,2019-07-12T00:00:00Z,0.0,,,21.2,10.8,2.55,,A000680,23.1,19.4,,,11.7,-71.8065,,5d08fd61c74fb853ad5853ac,29.0,,,,2.0,,,0.0,4.2,13.8,,,19.6
116,36.7,,,0.46,26.2,42.1218,,6.8,0.5,,0.0,101.1,,,,2019-07-13T00:00:00Z,0.0,,,27.3,12.0,1.94,,A000680,23.0,17.2,,,-2.8,-71.8065,,5d08fd61c74fb853ad5853ac,28.5,,,,2.8,,,0.0,5.6,0.0,,,18.0
117,33.35,,,0.46,26.2,42.1218,,7.0,0.49,,0.0,101.2,,,,2019-07-14T00:00:00Z,0.0,,,24.8,11.9,2.18,,A000680,23.0,17.6,,,-2.4,-71.8065,,5d08fd61c74fb853ad5853ac,29.1,,,,2.4,,,0.0,4.9,0.0,,,18.4
118,38.15,,,0.46,24.5,42.1218,,10.5,0.5,,0.0,101.6,,,,2019-07-15T00:00:00Z,0.0,,,28.4,12.2,1.84,,A000680,19.9,14.1,,,-2.7,-71.8065,,5d08fd61c74fb853ad5853ac,24.9,,,,2.7,,,0.01,5.3,0.0,,,16.2
119,32.02,,,0.49,26.1,42.1218,,9.5,0.55,,0.0,101.7,,,,2019-07-16T00:00:00Z,0.0,,,23.8,11.3,1.66,,A000680,22.3,16.3,,,-2.5,-71.8065,,5d08fd61c74fb853ad5853ac,28.6,,,,2.5,,,0.01,4.7,0.0,,,16.2
120,26.02,,,0.54,26.5,42.1218,,6.0,0.62,,9.2,101.3,,,,2019-07-17T00:00:00Z,0.0,,,19.3,8.9,2.16,,A000680,23.8,20.3,,,7.0,-71.8065,,5d08fd61c74fb853ad5853ac,30.5,,,,2.2,,,0.01,3.5,9.2,,,20.8
121,13.15,,,0.62,22.1,42.1218,,4.5,0.74,,0.3,101.4,,,,2019-07-18T00:00:00Z,0.0,,,9.8,7.7,2.51,,A000680,18.9,17.3,,,-0.6,-71.8065,,5d08fd61c74fb853ad5853ac,22.2,,,,0.9,,,0.06,1.3,0.3,,,15.1
122,34.13,,,0.6,26.2,42.1218,,6.1,0.71,,0.0,101.1,,,,2019-07-19T00:00:00Z,0.0,,,25.4,10.8,1.66,,A000680,23.0,18.9,,,-3.6,-71.8065,,5d08fd61c74fb853ad5853ac,30.0,,,,3.6,,,0.02,5.1,0.0,,,14.5
123,30.07,,,0.63,29.3,42.1218,,4.4,0.74,,8.9,100.9,,,,2019-07-20T00:00:00Z,0.0,,,22.4,11.7,2.98,,A000680,27.4,23.2,,,5.7,-71.8065,,5d08fd61c74fb853ad5853ac,31.4,,,,3.2,,,0.02,4.3,8.9,,,23.9
124,30.82,,,0.69,27.8,42.1218,,4.4,0.83,,0.0,100.8,,,,2019-07-21T00:00:00Z,0.0,,,22.9,11.8,2.78,,A000680,26.6,20.3,,,-4.1,-71.8065,,5d08fd61c74fb853ad5853ac,31.7,,,,4.1,,,0.04,4.9,0.0,,,23.5
125,14.54,,,0.69,24.0,42.1217,,2.7,0.83,,27.8,101.1,,,,2019-07-22T00:00:00Z,0.0,,,10.8,8.8,2.13,,A000680,21.7,17.3,,,26.1,-71.8065,,5d08fd61c74fb853ad5853ac,26.8,,,,1.7,,,0.08,2.1,27.8,,,16.4
126,12.78,,,0.71,19.9,42.1224,,4.3,0.86,,15.3,101.1,,,,2019-07-23T00:00:00Z,0.0,,,9.5,6.9,2.28,,A000680,16.7,15.0,,,14.1,-71.8056,,5d08fd61c74fb853ad5853ac,21.1,,,,1.2,,,0.11,1.4,15.3,,,13.5
127,32.32,,,0.71,23.4,42.1218,,6.1,0.87,,0.0,101.4,,,,2019-07-24T00:00:00Z,0.0,,,24.0,11.8,1.72,,A000680,20.1,14.8,,,-4.3,-71.8065,,5d08fd61c74fb853ad5853ac,24.5,,,,4.3,,,0.05,5.0,0.0,,,15.7
128,34.99,,,0.72,24.4,42.1218,,6.2,0.88,,0.0,101.9,,,,2019-07-25T00:00:00Z,0.0,,,26.0,11.3,1.56,,A000680,21.1,14.1,,,-5.0,-71.8065,,5d08fd61c74fb853ad5853ac,28.4,,,,5.0,,,0.05,5.7,0.0,,,16.0
129,36.27,,,0.73,25.8,42.1218,,5.3,0.89,,0.0,102.4,,,,2019-07-26T00:00:00Z,0.0,,,27.0,11.8,1.73,,A000680,22.9,16.3,,,-5.4,-71.8065,,5d08fd61c74fb853ad5853ac,31.8,,,,5.4,,,0.04,6.0,0.0,,,16.7
130,25.44,,,0.73,24.2,42.1218,,6.2,0.9,,0.0,102.4,,,,2019-07-27T00:00:00Z,0.0,,,18.9,11.4,1.84,,A000680,21.1,17.2,,,-3.3,-71.8065,,5d08fd61c74fb853ad5853ac,26.3,,,,3.3,,,0.06,3.7,0.0,,,14.8
131,35.23,,,0.75,26.0,42.1218,,6.1,0.92,,0.0,101.8,,,,2019-07-28T00:00:00Z,0.0,,,26.2,11.7,1.7,,A000680,23.0,18.1,2019-07-28T18:28:50Z,,-5.0,-71.8065,2019-07-28T05:51:24Z,5d08fd61c74fb853ad5853ac,29.3,,,,5.0,,,0.05,5.5,0.0,,,16.1
132,29.72,,,0.75,26.9,42.1218,,6.8,0.93,,12.0,101.4,,,,2019-07-29T00:00:00Z,0.0,,,22.1,10.4,2.3,,A000680,24.7,20.0,2019-07-29T17:43:29Z,,7.8,-71.8065,2019-07-29T05:01:00Z,5d08fd61c74fb853ad5853ac,30.2,,,,4.1,,,0.05,4.5,12.0,,,20.0
133,32.67,,,0.77,27.8,42.1218,,5.9,0.95,,0.0,101.5,,,,2019-07-30T00:00:00Z,0.0,,,24.3,11.5,2.47,,A000680,25.7,20.8,2019-07-30T12:47:18Z,,-4.9,-71.8065,2019-07-30T05:20:53Z,5d08fd61c74fb853ad5853ac,31.9,,,,4.9,,,0.04,5.1,0.0,,,19.9
134,26.39,,,0.77,25.1,42.1218,,5.5,0.96,,10.4,101.6,,,,2019-07-31T00:00:00Z,0.0,,,19.6,8.1,2.31,,A000680,22.3,19.2,2019-07-31T13:47:15Z,,6.7,-71.8065,2019-07-31T15:59:55Z,5d08fd61c74fb853ad5853ac,28.4,,,,3.7,,,0.06,3.8,10.4,,,16.4
135,33.2,,,0.78,24.9,42.1217,,5.4,0.96,,0.0,101.7,,,,2019-08-01T00:00:00Z,0.0,,,24.7,11.8,1.99,,A000680,21.8,15.9,2019-08-01T18:10:04Z,,-5.2,-71.8065,2019-08-01T01:16:51Z,5d08fd61c74fb853ad5853ac,27.9,,,,5.2,,,0.07,5.4,0.0,,,15.2
136,35.59,,,0.78,25.6,42.1218,,4.8,0.97,,0.0,102.0,,,,2019-08-02T00:00:00Z,0.0,,,26.5,11.6,1.38,,A000680,23.1,14.0,2019-08-02T17:29:48Z,,-6.1,-71.8065,2019-08-02T06:07:38Z,5d08fd61c74fb853ad5853ac,30.1,,,,6.1,,,0.05,6.3,0.0,,,18.1
137,25.1,,,0.79,24.3,42.1218,,6.0,0.98,,0.0,101.6,,,,2019-08-03T00:00:00Z,0.0,,,18.7,9.0,1.8,,A000680,21.6,17.7,2019-08-03T16:09:24Z,,-3.5,-71.8065,2019-08-03T06:12:27Z,5d08fd61c74fb853ad5853ac,26.4,,,,3.5,,,0.08,3.6,0.0,,,15.8
138,30.31,,,0.79,25.4,42.1218,,3.5,0.98,,0.0,101.2,0.89,,,2019-08-04T00:00:00Z,0.0,,,22.5,11.5,2.54,0.6,A000680,23.2,17.4,2019-08-04T14:49:05Z,,-4.9,-71.8065,2019-08-04T06:07:23Z,5d08fd61c74fb853ad5853ac,31.5,,,,4.9,,,0.07,5.0,0.0,,,17.6
139,35.23,,,0.79,24.3,42.1218,,7.1,0.98,,0.0,101.5,0.67,,,2019-08-05T00:00:00Z,0.0,,,26.2,11.6,1.6,0.45,A000680,21.0,11.9,2019-08-05T14:53:58Z,,-6.0,-71.8065,2019-08-05T06:22:21Z,5d08fd61c74fb853ad5853ac,28.1,,,,6.0,,,0.07,6.1,0.0,,,14.4
140,23.46,,,0.78,23.9,42.1218,,3.3,0.97,,0.0,101.3,0.91,,,2019-08-06T00:00:00Z,0.0,,,17.5,11.5,1.54,0.56,A000680,21.2,16.7,2019-08-06T16:54:17Z,,-3.4,-71.8065,2019-08-06T05:01:57Z,5d08fd61c74fb853ad5853ac,28.0,,,,3.4,,,0.1,3.5,0.0,,,14.9
141,17.8,,,0.78,23.8,42.1217,,3.6,0.96,,50.0,101.1,0.92,,,2019-08-07T00:00:00Z,0.0,,,13.2,8.8,1.9,0.74,A000680,21.0,18.9,2019-08-07T15:49:03Z,,47.9,-71.8065,2019-08-07T02:21:15Z,5d08fd61c74fb853ad5853ac,27.3,,,,2.2,,,0.1,2.3,50.0,,,15.5
142,28.82,,,0.79,24.8,42.1218,,5.8,0.97,,1.5,100.6,0.93,,,2019-08-08T00:00:00Z,0.0,,,21.4,10.3,2.52,0.67,A000680,21.7,17.7,2019-08-08T16:44:09Z,,-2.7,-71.8065,2019-08-08T07:32:24Z,5d08fd61c74fb853ad5853ac,28.0,,,,4.2,,,0.08,4.3,1.5,,,16.7
143,34.53,,,0.78,23.4,42.1218,,6.7,0.97,,0.0,100.6,0.88,,,2019-08-09T00:00:00Z,0.0,,,25.7,11.4,1.58,0.54,A000680,20.2,14.3,2019-08-09T18:38:59Z,,-5.3,-71.8065,2019-08-09T05:56:44Z,5d08fd61c74fb853ad5853ac,25.2,,,,5.3,,,0.08,5.4,0.0,,,16.1
144,29.76,,,0.78,21.2,42.1218,,6.0,0.96,,0.0,100.9,0.75,,,2019-08-10T00:00:00Z,0.0,,,22.1,10.7,1.46,0.62,A000680,17.9,12.1,2019-08-10T14:28:04Z,,-4.3,-71.8065,2019-08-10T07:06:37Z,5d08fd61c74fb853ad5853ac,22.4,,,,4.3,,,0.08,4.5,0.0,,,14.4
145,31.65,,,0.77,20.9,42.1218,,7.3,0.95,,0.0,101.4,0.87,,,2019-08-11T00:00:00Z,0.0,,,23.5,11.3,1.31,0.57,A000680,17.3,11.7,2019-08-11T17:28:47Z,,-4.5,-71.8065,2019-08-11T06:21:34Z,5d08fd61c74fb853ad5853ac,22.8,,,,4.5,,,0.09,4.7,0.0,,,11.1
146,32.94,,,0.77,23.9,42.1218,,7.2,0.95,,0.0,101.3,0.79,,,2019-08-12T00:00:00Z,0.0,,,24.5,11.2,1.46,0.55,A000680,20.5,14.4,2019-08-12T16:48:37Z,,-4.9,-71.8065,2019-08-12T06:21:35Z,5d08fd61c74fb853ad5853ac,26.4,,,,4.9,,,0.07,5.2,0.0,,,13.5
147,10.82,,,0.75,23.2,42.1218,,2.9,0.92,,0.0,101.0,0.91,,,2019-08-13T00:00:00Z,0.0,,,8.0,9.0,1.81,0.74,A000680,20.9,17.9,2019-08-13T17:13:43Z,,-1.1,-71.8065,2019-08-13T23:50:08Z,5d08fd61c74fb853ad5853ac,24.2,,,,1.1,,,0.11,1.2,0.0,,,16.9
148,22.21,,,0.76,23.6,42.1218,,5.2,0.94,,0.0,101.1,0.92,,,2019-08-14T00:00:00Z,0.0,,,16.5,10.5,2.1,0.64,A000680,20.5,16.8,2019-08-14T16:08:33Z,,-3.0,-71.8065,2019-08-14T01:00:24Z,5d08fd61c74fb853ad5853ac,27.9,,,,3.0,,,0.07,3.3,0.0,,,15.3
149,34.35,,,0.77,24.1,42.1218,,6.1,0.95,,0.0,101.6,0.82,,,2019-08-15T00:00:00Z,0.0,,,25.5,11.1,1.74,0.58,A000680,21.0,15.3,2019-08-15T14:53:14Z,,-5.3,-71.8065,2019-08-15T05:51:29Z,5d08fd61c74fb853ad5853ac,28.1,,,,5.3,,,0.06,5.6,0.0,,,15.1
150,33.14,,,0.77,24.3,42.1218,,6.2,0.95,,0.0,101.8,0.94,,,2019-08-16T00:00:00Z,0.0,,,24.6,11.2,1.88,0.55,A000680,21.1,16.5,2019-08-16T16:08:26Z,,-4.8,-71.8065,2019-08-16T06:01:27Z,5d08fd61c74fb853ad5853ac,28.9,,,,4.8,,,0.06,5.1,0.0,,,15.6
151,16.79,,,0.75,24.1,42.1218,,3.4,0.92,,1.0,101.8,0.91,,,2019-08-17T00:00:00Z,0.0,,,12.5,9.6,1.82,0.74,A000680,21.4,18.9,2019-08-17T13:43:00Z,,-1.0,-71.8065,2019-08-17T06:41:33Z,5d08fd61c74fb853ad5853ac,28.4,,,,2.0,,,0.09,2.1,1.0,,,15.6
152,29.14,,,0.76,26.5,42.1218,,4.8,0.94,,0.0,101.6,0.95,,,2019-08-18T00:00:00Z,0.0,,,21.7,10.6,2.4,0.66,A000680,24.0,20.2,2019-08-18T17:23:32Z,,-4.1,-71.8065,2019-08-18T06:56:32Z,5d08fd61c74fb853ad5853ac,31.4,,,,4.1,,,0.06,4.4,0.0,,,16.6
153,25.55,,,0.76,25.6,42.1218,,6.8,0.94,,4.4,101.5,0.88,,,2019-08-19T00:00:00Z,0.0,,,19.0,8.3,2.59,0.7,A000680,23.0,19.9,2019-08-19T15:12:55Z,,1.0,-71.8065,2019-08-19T06:21:14Z,5d08fd61c74fb853ad5853ac,30.4,,,,3.4,,,0.06,3.6,4.4,,,18.9
154,34.02,,,0.77,26.1,42.1218,,4.4,0.95,,0.0,101.8,0.88,,,2019-08-20T00:00:00Z,0.0,,,25.3,11.2,2.28,0.55,A000680,23.6,16.6,2019-08-20T12:22:19Z,,-5.5,-71.8065,2019-08-20T06:46:12Z,5d08fd61c74fb853ad5853ac,30.9,,,,5.5,,,0.05,5.8,0.0,,,17.7
155,13.14,,,0.75,23.7,42.1218,,3.1,0.92,,6.4,101.4,0.87,,,2019-08-21T00:00:00Z,0.0,,,9.8,7.2,1.91,0.8,A000680,21.5,19.0,2019-08-21T13:27:25Z,,5.1,-71.8065,2019-08-21T06:20:59Z,5d08fd61c74fb853ad5853ac,26.7,,,,1.3,,,0.09,1.5,6.4,,,18.3
156,27.28,,,0.76,25.6,42.1218,,5.8,0.94,,0.0,101.1,0.92,,,2019-08-22T00:00:00Z,0.0,,,20.3,9.0,2.01,0.61,A000680,23.2,19.4,2019-08-22T16:48:05Z,,-3.8,-71.8065,2019-08-22T00:19:44Z,5d08fd61c74fb853ad5853ac,30.6,,,,3.8,,,0.06,4.1,0.0,,,18.5
157,17.12,,,0.75,22.0,42.1218,,3.9,0.92,,0.8,101.5,0.81,,,2019-08-23T00:00:00Z,0.0,,,12.7,8.3,1.94,0.61,A000680,19.3,14.1,2019-08-23T16:28:02Z,,-1.6,-71.8065,2019-08-23T07:46:16Z,5d08fd61c74fb853ad5853ac,23.8,,,,2.4,,,0.09,2.6,0.8,,,15.7
158,29.91,,,0.77,20.4,42.1219,,8.1,0.94,,0.0,102.2,0.8,,,2019-08-24T00:00:00Z,0.0,,,22.2,10.5,1.34,0.51,A000680,16.7,11.2,2019-08-24T13:12:27Z,,-4.2,-71.8066,2019-08-24T05:25:52Z,5d08fd61c74fb853ad5853ac,22.2,,,,4.2,,,0.07,4.5,0.0,,,11.9
159,20.47,,,0.74,18.3,42.1218,,4.9,0.91,,0.0,102.6,0.82,,,2019-08-25T00:00:00Z,0.0,,,15.2,11.1,1.41,0.71,A000680,14.8,11.1,2019-08-25T14:27:55Z,,-2.4,-71.8065,2019-08-25T23:39:56Z,5d08fd61c74fb853ad5853ac,18.9,,,,2.4,,,0.12,2.6,0.0,,,10.6
160,30.26,,,0.75,18.7,42.1218,,7.0,0.93,,0.0,102.4,0.9,,,2019-08-26T00:00:00Z,0.0,,,22.5,10.9,1.09,0.53,A000680,14.8,10.0,2019-08-26T17:38:42Z,,-4.0,-71.8065,2019-08-26T05:31:14Z,5d08fd61c74fb853ad5853ac,21.9,,,,4.0,,,0.1,4.3,0.0,,,9.2
161,24.12,,,0.75,20.7,42.1218,,8.6,0.92,,0.0,101.9,0.8,,,2019-08-27T00:00:00Z,0.0,,,17.9,10.1,1.22,0.55,A000680,17.0,11.7,2019-08-27T15:18:14Z,,-3.4,-71.8065,2019-08-27T05:26:16Z,5d08fd61c74fb853ad5853ac,24.2,,,,3.4,,,0.07,3.7,0.0,,,11.9
162,13.94,,,0.74,21.6,42.1218,,4.5,0.91,,48.5,101.3,0.89,,,2019-08-28T00:00:00Z,0.0,,,10.4,7.1,1.54,0.67,A000680,18.7,16.3,2019-08-28T12:22:38Z,,46.9,-71.8065,2019-08-28T06:16:25Z,5d08fd61c74fb853ad5853ac,24.7,,,,1.6,,,0.08,1.7,48.5,,,13.4
163,31.22,,,0.76,23.4,42.1218,,6.0,0.93,,0.3,101.0,0.93,,,2019-08-29T00:00:00Z,0.0,,,23.2,10.4,1.84,0.67,A000680,20.0,15.7,2019-08-29T12:00:24Z,,-4.3,-71.8065,2019-08-29T00:07:54Z,5d08fd61c74fb853ad5853ac,25.2,,,,4.5,,,0.06,4.9,0.3,,,15.1
164,28.84,,,0.76,22.7,42.1218,,5.7,0.93,,0.0,101.5,0.83,,,2019-08-30T00:00:00Z,0.0,,,21.4,9.6,1.42,0.64,A000680,19.9,14.9,2019-08-30T15:31:14Z,,-4.1,-71.8065,2019-08-30T06:34:25Z,5d08fd61c74fb853ad5853ac,27.3,,,,4.1,,,0.07,4.4,0.0,,,13.4
165,29.89,,,0.75,21.8,42.1218,,7.9,0.92,,0.0,102.2,0.75,,,2019-08-31T00:00:00Z,0.0,,,22.2,10.1,1.69,0.54,A000680,18.4,12.1,2019-08-31T16:36:42Z,,-4.2,-71.8065,2019-08-31T06:54:43Z,5d08fd61c74fb853ad5853ac,22.9,,,,4.2,,,0.07,4.6,0.0,,,15.1
166,23.73,,,0.73,20.8,42.1218,,4.9,0.89,,0.0,102.7,0.82,,,2019-09-01T00:00:00Z,0.0,,,17.6,10.5,1.45,0.52,A000680,17.5,12.1,2019-09-01T15:11:31Z,,-3.2,-71.8065,2019-09-01T05:54:38Z,5d08fd61c74fb853ad5853ac,24.3,,,,3.2,,,0.08,3.6,0.0,,,12.1
167,13.57,,,0.73,20.3,42.1218,,6.0,0.89,,15.3,101.9,0.92,,,2019-09-02T00:00:00Z,0.0,,,10.1,7.5,1.47,0.72,A000680,17.0,15.3,2019-09-02T13:06:18Z,,14.0,-71.8065,2019-09-02T06:44:58Z,5d08fd61c74fb853ad5853ac,21.0,,,,1.3,,,0.09,1.5,15.3,,,13.4
168,27.15,,,0.75,22.9,42.1218,,4.5,0.92,,0.0,101.7,0.92,,,2019-09-03T00:00:00Z,0.0,,,20.2,10.0,1.94,0.53,A000680,20.1,15.6,2019-09-03T13:56:28Z,,-3.8,-71.8065,2019-09-03T06:35:04Z,5d08fd61c74fb853ad5853ac,29.5,,,,3.8,,,0.05,4.2,0.0,,,14.4
169,18.85,,,0.73,22.1,42.1218,,4.2,0.89,,0.8,101.4,0.93,,,2019-09-04T00:00:00Z,0.0,,,14.0,7.8,1.7,0.75,A000680,19.5,17.2,2019-09-04T15:31:41Z,,-1.4,-71.8065,2019-09-04T06:19:51Z,5d08fd61c74fb853ad5853ac,25.7,,,,2.2,,,0.07,2.4,0.8,,,14.7
170,26.19,,,0.74,20.1,42.1218,,7.3,0.9,,0.0,101.8,0.85,,,2019-09-05T00:00:00Z,0.0,,,19.5,10.5,1.7,0.5,A000680,16.8,11.5,2019-09-05T15:51:50Z,,-3.5,-71.8065,2019-09-05T05:59:50Z,5d08fd61c74fb853ad5853ac,24.0,,,,3.5,,,0.07,3.9,0.0,,,12.1
171,10.67,,,0.72,17.3,42.1218,,4.1,0.88,,0.0,101.5,0.87,,,2019-09-06T00:00:00Z,0.0,,,7.9,7.9,1.4,0.8,A000680,14.3,11.8,2019-09-06T12:01:19Z,,-1.0,-71.8065,2019-09-06T08:40:36Z,5d08fd61c74fb853ad5853ac,16.9,,,,1.0,,,0.11,1.1,0.0,,,11.1
172,20.47,,,0.73,18.0,42.1218,,5.7,0.89,,0.0,100.8,0.89,,,2019-09-07T00:00:00Z,0.0,,,15.2,8.5,1.31,0.57,A000680,14.5,10.3,2019-09-07T17:20:41Z,,-2.5,-71.8065,2019-09-07T06:35:29Z,5d08fd61c74fb853ad5853ac,19.4,,,,2.5,,,0.1,2.8,0.0,,,10.2
173,23.33,,,0.72,18.9,42.1218,,6.0,0.87,,0.0,101.6,0.84,,,2019-09-08T00:00:00Z,0.0,,,17.3,10.3,1.29,0.61,A000680,15.4,11.1,2019-09-08T14:13:23Z,,-2.8,-71.8065,2019-09-08T07:08:46Z,5d08fd61c74fb853ad5853ac,20.8,,,,2.8,,,0.08,3.2,0.0,,,10.9
174,25.56,,,0.71,20.4,42.1218,,5.6,0.87,,0.0,102.4,0.81,,,2019-09-09T00:00:00Z,0.0,,,19.0,9.5,1.25,0.54,A000680,17.0,11.8,2019-09-09T15:58:46Z,,-3.3,-71.8065,2019-09-09T06:11:44Z,5d08fd61c74fb853ad5853ac,23.5,,,,3.3,,,0.06,3.9,0.0,,,11.7
175,11.81,,,0.72,19.4,42.1218,,4.4,0.87,,0.0,102.7,0.94,,,2019-09-10T00:00:00Z,0.0,,,8.8,9.1,1.54,0.78,A000680,16.2,14.2,2019-09-10T12:13:11Z,,-1.1,-71.8065,2019-09-10T06:47:00Z,5d08fd61c74fb853ad5853ac,19.9,,,,1.1,,,0.1,1.3,0.0,,,12.1
176,21.47,,,0.72,23.7,42.1218,,5.4,0.87,,0.0,101.9,0.86,,,2019-09-11T00:00:00Z,0.0,,,16.0,8.7,2.21,0.71,A000680,21.0,18.3,2019-09-11T16:54:08Z,,-2.5,-71.8065,2019-09-11T07:22:16Z,5d08fd61c74fb853ad5853ac,28.4,,,,2.5,,,0.07,2.9,0.0,,,15.3
177,8.09,,,0.71,18.0,42.1218,,4.1,0.87,,6.6,102.1,0.92,,,2019-09-12T00:00:00Z,0.0,,,6.0,4.8,2.25,0.91,A000680,15.1,13.5,2019-09-12T00:00:41Z,,6.2,-71.8065,2019-09-12T23:35:54Z,5d08fd61c74fb853ad5853ac,20.8,,,,0.5,,,0.13,0.6,6.6,,,9.9
178,28.12,,,0.72,16.5,42.1218,,7.7,0.88,,0.0,103.1,0.84,,,2019-09-13T00:00:00Z,0.0,,,20.9,10.3,1.12,0.49,A000680,12.5,8.2,2019-09-13T15:39:19Z,,-3.3,-71.8065,2019-09-13T22:25:49Z,5d08fd61c74fb853ad5853ac,18.3,,,,3.3,,,0.08,3.7,0.0,,,8.9
179,9.76,,,0.7,17.4,42.1218,,3.7,0.85,,2.5,102.6,0.86,,,2019-09-14T00:00:00Z,0.0,,,7.3,6.4,0.94,0.83,A000680,14.4,12.4,2019-09-14T16:54:50Z,,1.7,-71.8065,2019-09-14T03:26:56Z,5d08fd61c74fb853ad5853ac,18.9,,,,0.8,,,0.1,1.0,2.5,,,8.5
180,9.39,,0.2,-0.29,20.8,42.1218,,10.0,0.0,,0.6,102.1,0.95,15.4,,2019-09-15T00:00:00Z,1.0,,17.8,7.0,4.0,1.78,0.67,A000680,17.3,15.7,2019-09-15T11:23:52Z,,0.6,-71.8065,2019-09-15T07:23:02Z,5d08fd61c74fb853ad5853ac,22.9,,,,0.0,0.61,,-0.06,1.4,0.6,,,14.5
181,18.55,,1.2,0.22,26.3,42.1218,,10.0,0.15,,0.0,101.2,0.52,11.1,,2020-06-09T00:00:00Z,0.0,,16.3,13.8,5.9,1.08,0.47,A000680,21.3,12.5,2020-06-09T17:37:48Z,,-0.5,-71.8065,2020-06-09T11:58:23Z,5d08fd61c74fb853ad5853ac,26.6,,,,0.5,0.43,,-0.02,3.2,0.0,,,16.8
182,33.39,,0.7,0.19,23.3,42.1218,,10.1,0.11,,0.0,101.6,0.66,9.5,,2020-06-10T00:00:00Z,0.0,,17.7,24.8,11.1,1.25,0.62,A000680,18.3,12.6,2020-06-10T15:22:41Z,,-0.5,-71.8065,2020-06-10T07:00:28Z,5d08fd61c74fb853ad5853ac,23.5,,,,0.5,0.55,,-0.03,4.7,0.0,,,13.0
183,6.52,,0.2,0.27,21.1,42.1218,,2.7,0.22,,22.7,101.5,0.92,17.9,,2020-06-11T00:00:00Z,17.0,,18.1,4.8,4.2,2.0,0.86,A000680,19.1,17.5,2020-06-11T03:16:58Z,,22.5,-71.8065,2020-06-11T19:20:36Z,5d08fd61c74fb853ad5853ac,23.0,,,,0.2,0.86,,0.02,1.1,22.7,,,15.7
184,33.95,,0.8,0.19,23.8,42.1218,,6.0,0.11,,0.0,101.6,0.94,17.4,,2020-06-12T00:00:00Z,7.0,,18.0,25.2,11.6,2.29,0.43,A000680,20.1,14.0,2020-06-12T15:34:43Z,,-0.6,-71.8065,2020-06-12T04:47:38Z,5d08fd61c74fb853ad5853ac,26.3,,,,0.6,0.43,,-0.03,5.4,0.0,,,16.1
185,37.82,,0.8,0.19,20.3,42.1218,,9.5,0.1,,0.0,102.0,0.67,6.6,,2020-06-13T00:00:00Z,0.0,,8.2,28.1,12.1,1.05,0.41,A000680,15.2,6.5,2020-06-13T18:05:10Z,,-0.5,-71.8065,2020-06-13T07:18:06Z,5d08fd61c74fb853ad5853ac,19.9,,,,0.5,0.39,,-0.03,5.1,0.0,,,9.2
186,31.04,,0.6,0.19,18.8,42.1218,,9.7,0.1,,0.0,102.7,0.75,5.0,,2020-06-14T00:00:00Z,0.0,,9.3,23.1,12.1,0.88,0.55,A000680,13.4,7.1,2020-06-14T14:49:33Z,,-0.4,-71.8065,2020-06-14T05:17:40Z,5d08fd61c74fb853ad5853ac,19.9,,,,0.4,0.48,,-0.02,4.0,0.0,,,8.5
187,32.11,,0.5,0.18,19.5,42.1218,,9.9,0.1,,0.0,102.9,0.86,8.5,,2020-06-15T00:00:00Z,0.0,,10.6,23.9,11.2,1.05,0.5,A000680,14.1,8.9,2020-06-15T14:59:36Z,,-0.4,-71.8065,2020-06-15T07:33:06Z,5d08fd61c74fb853ad5853ac,19.8,,,,0.4,0.44,,-0.03,4.1,0.0,,,8.6
188,38.18,,0.9,0.17,22.1,42.1218,,10.5,0.08,,0.0,102.8,0.75,9.2,,2020-06-16T00:00:00Z,0.0,,10.9,28.4,12.2,1.14,0.41,A000680,17.1,8.4,2020-06-16T17:00:03Z,,-0.4,-71.8065,2020-06-16T05:37:49Z,5d08fd61c74fb853ad5853ac,21.7,,,,0.4,0.39,,-0.04,5.3,0.0,,,12.9
189,38.73,,1.0,0.17,24.7,42.1218,,11.7,0.08,,0.0,102.4,0.75,7.9,,2020-06-17T00:00:00Z,0.0,,16.2,28.8,12.1,1.11,0.46,A000680,19.1,11.9,2020-06-17T18:50:25Z,,-0.5,-71.8065,2020-06-17T04:32:36Z,5d08fd61c74fb853ad5853ac,25.2,,,,0.5,0.38,,-0.04,5.8,0.0,,,12.4
190,36.54,,0.6,0.18,25.4,42.1218,,11.7,0.09,,0.0,102.1,0.92,14.9,,2020-06-18T00:00:00Z,3.0,,19.6,27.2,11.2,1.58,0.64,A000680,20.2,16.4,2020-06-18T16:55:01Z,,-0.5,-71.8065,2020-06-18T07:43:17Z,5d08fd61c74fb853ad5853ac,26.3,,,,0.5,0.51,,-0.04,5.3,0.0,,,14.0
191,33.91,,0.6,0.2,26.3,42.1217,,10.6,0.12,,0.0,101.9,0.89,17.5,,2020-06-19T00:00:00Z,0.0,,19.3,25.2,11.6,1.89,0.65,A000680,21.1,17.5,2020-06-19T17:09:56Z,,-0.6,-71.8065,2020-06-19T06:02:50Z,5d08fd61c74fb853ad5853ac,26.9,,,,0.6,0.53,,-0.04,5.0,0.0,,,15.5
192,36.57,,0.9,0.21,27.3,42.1217,,10.6,0.14,,0.0,101.6,0.88,16.0,,2020-06-20T00:00:00Z,0.0,,20.5,27.2,11.8,2.16,0.52,A000680,22.6,17.6,2020-06-20T15:34:25Z,,-0.8,-71.8065,2020-06-20T05:47:34Z,5d08fd61c74fb853ad5853ac,29.8,,,,0.8,0.5,,-0.04,5.7,0.0,,,16.5
193,37.43,,1.0,0.23,28.7,42.1218,,9.4,0.16,,0.0,101.5,0.89,17.2,,2020-06-21T00:00:00Z,0.0,,20.7,27.8,12.2,2.1,0.44,A000680,24.0,18.2,2020-06-21T15:14:10Z,,-0.9,-71.8065,2020-06-21T05:22:16Z,5d08fd61c74fb853ad5853ac,32.5,,,,0.9,0.44,,-0.04,6.1,0.0,,,16.6
194,22.83,,0.5,0.27,25.8,42.1218,,8.1,0.22,,0.0,101.4,0.9,18.0,,2020-06-22T00:00:00Z,0.0,,21.8,17.0,11.2,2.14,0.74,A000680,22.0,19.0,2020-06-22T16:14:21Z,,-0.8,-71.8065,2020-06-22T05:07:05Z,5d08fd61c74fb853ad5853ac,28.2,,,,0.8,0.61,,-0.03,3.6,0.0,,,16.6
195,35.36,,0.6,0.29,26.6,42.1218,,9.8,0.25,,0.0,100.9,0.93,17.0,,2020-06-23T00:00:00Z,1.0,,20.9,26.3,11.9,1.86,0.69,A000680,21.7,18.5,2020-06-23T17:49:37Z,,-1.3,-71.8065,2020-06-23T04:06:53Z,5d08fd61c74fb853ad5853ac,27.5,,,,1.3,0.65,,-0.02,5.3,0.0,,,16.4
196,19.64,,0.6,0.32,24.9,42.1218,,5.2,0.3,,8.0,100.6,0.91,17.9,,2020-06-24T00:00:00Z,3.0,,21.5,14.6,8.6,2.01,0.65,A000680,22.0,18.6,2020-06-24T17:44:38Z,,7.0,-71.8065,2020-06-24T03:06:36Z,5d08fd61c74fb853ad5853ac,28.9,,,,1.0,0.57,,-0.01,3.3,8.0,,,17.5
197,31.31,,0.9,0.37,24.8,42.1217,,8.1,0.37,,0.0,101.4,0.71,13.9,,2020-06-25T00:00:00Z,0.0,,15.5,23.3,11.8,1.74,0.5,A000680,20.5,13.8,2020-06-25T18:44:11Z,,-1.9,-71.8064,2020-06-25T07:22:35Z,5d08fd61c74fb853ad5853ac,24.8,,,,1.9,0.46,,0.0,5.0,0.0,,,16.3
198,32.8,,1.0,0.36,25.6,42.1217,,9.3,0.36,,0.0,101.3,0.82,13.9,,2020-06-26T00:00:00Z,0.0,,16.0,24.4,12.1,1.72,0.42,A000680,21.2,14.1,2020-06-26T18:13:11Z,,-1.9,-71.8064,2020-06-26T05:26:09Z,5d08fd61c74fb853ad5853ac,27.6,,,,1.9,0.37,,-0.02,5.3,0.0,,,16.2
199,15.62,,0.6,0.42,22.7,42.1218,,3.4,0.44,,6.4,100.9,0.89,16.1,,2020-06-27T00:00:00Z,4.0,,19.9,11.6,8.6,1.53,0.72,A000680,19.2,15.5,2020-06-27T14:06:44Z,,5.2,-71.8065,2020-06-27T19:22:44Z,5d08fd61c74fb853ad5853ac,24.7,,,,1.2,0.57,,0.02,2.7,6.4,,,14.4
200,22.49,,0.4,0.47,23.4,42.1218,,3.5,0.52,,27.1,100.7,0.93,16.0,,2020-06-28T00:00:00Z,8.0,,22.2,16.7,9.7,1.73,0.72,A000680,19.8,17.7,2020-06-28T15:51:30Z,,25.2,-71.8065,2020-06-28T03:04:15Z,5d08fd61c74fb853ad5853ac,29.1,,,,1.9,0.67,,0.01,3.6,27.1,,,15.0
201,11.6,,0.3,0.52,21.6,42.1218,,3.8,0.58,,5.7,100.9,0.93,16.8,,2020-06-29T00:00:00Z,6.0,,18.5,8.6,7.3,1.92,0.8,A000680,18.5,17.3,2020-06-29T14:12:19Z,,4.6,-71.8065,2020-06-29T05:50:37Z,5d08fd61c74fb853ad5853ac,22.4,,,,1.1,0.77,,0.03,2.0,5.7,,,15.5
202,14.88,,0.3,0.53,21.2,42.1218,,4.3,0.61,,0.5,101.3,0.91,15.3,,2020-06-30T00:00:00Z,6.0,,18.3,11.1,8.8,1.72,0.79,A000680,17.7,16.2,2020-06-30T17:17:43Z,,-0.9,-71.8065,2020-06-30T07:30:50Z,5d08fd61c74fb853ad5853ac,22.0,,,,1.4,0.76,,0.03,2.4,0.5,,,14.7
203,25.04,,0.3,0.54,22.1,42.1218,,7.1,0.61,,16.6,101.1,0.91,16.8,,2020-07-01T00:00:00Z,9.0,,18.6,18.6,9.8,1.77,0.68,A000680,18.6,16.4,2020-07-01T13:26:40Z,,14.2,-71.8065,2020-07-01T19:44:43Z,5d08fd61c74fb853ad5853ac,25.2,,,,2.4,0.6,,0.0,3.9,16.6,,,14.5
204,36.62,,0.6,0.56,24.9,42.1218,,6.4,0.65,,0.0,100.9,0.93,14.8,,2020-07-02T00:00:00Z,0.0,,20.9,27.2,11.5,1.71,0.6,A000680,21.7,17.6,2020-07-02T17:34:11Z,,-3.8,-71.8065,2020-07-02T05:11:45Z,5d08fd61c74fb853ad5853ac,30.6,,,,3.8,0.59,,-0.01,5.9,0.0,,,15.5
205,11.8,,0.4,0.61,22.6,42.1218,,3.6,0.72,,0.0,101.1,0.88,14.9,,2020-07-03T00:00:00Z,0.0,,19.9,8.8,8.2,2.32,0.78,A000680,20.1,17.2,2020-07-03T08:22:14Z,,-1.5,-71.8065,2020-07-03T22:00:01Z,5d08fd61c74fb853ad5853ac,24.7,,,,1.5,0.76,,0.04,2.1,0.0,,,14.8
206,33.97,,0.6,0.61,24.0,42.1218,,6.3,0.71,,0.0,101.3,0.88,14.6,,2020-07-04T00:00:00Z,0.0,,20.0,25.3,10.4,1.6,0.53,A000680,20.7,16.5,2020-07-04T16:03:29Z,,-4.0,-71.8065,2020-07-04T06:56:55Z,5d08fd61c74fb853ad5853ac,29.5,,,,4.0,0.53,,0.0,5.6,0.0,,,14.8
207,31.3,,0.9,0.63,25.5,42.1218,,3.7,0.75,,0.0,101.3,0.93,17.0,,2020-07-05T00:00:00Z,4.0,,19.9,23.3,10.8,1.91,0.54,A000680,22.8,17.6,2020-07-05T16:39:01Z,,-4.3,-71.8065,2020-07-05T05:26:56Z,5d08fd61c74fb853ad5853ac,30.9,,,,4.3,0.5,,0.0,5.7,0.0,,,15.7
208,30.1,,0.5,0.66,23.7,42.1218,,6.4,0.79,,0.0,101.8,0.91,15.9,,2020-07-06T00:00:00Z,0.0,,18.9,22.4,11.1,2.06,0.66,A000680,20.5,16.7,2020-07-06T14:58:28Z,,-3.8,-71.8065,2020-07-06T05:31:40Z,5d08fd61c74fb853ad5853ac,26.1,,,,3.8,0.61,,0.02,4.8,0.0,,,16.5
209,30.8,,0.4,0.68,23.0,42.1219,,8.1,0.82,,0.0,102.1,0.91,14.7,,2020-07-07T00:00:00Z,0.0,,18.2,22.9,10.5,1.64,0.74,A000680,18.8,15.8,2020-07-07T15:03:13Z,,-3.8,-71.8066,2020-07-07T05:56:31Z,5d08fd61c74fb853ad5853ac,23.9,,,,3.8,0.67,,0.03,4.7,0.0,,,15.5
210,20.59,,0.3,0.71,24.4,42.1218,,5.5,0.86,,0.0,101.6,0.93,16.9,,2020-07-08T00:00:00Z,8.0,,21.8,15.3,9.8,1.74,0.81,A000680,21.5,19.6,2020-07-08T14:27:54Z,,-3.0,-71.8065,2020-07-08T01:50:24Z,5d08fd61c74fb853ad5853ac,27.1,,,,3.0,0.79,,0.04,3.5,0.0,,,16.4
211,32.48,,0.6,0.72,27.4,42.1218,,6.5,0.88,,0.0,101.6,0.89,20.1,,2020-07-09T00:00:00Z,0.0,,23.8,24.2,11.5,2.32,0.71,A000680,24.7,21.2,2020-07-09T16:37:46Z,,-5.0,-71.8064,2020-07-09T06:00:56Z,5d08fd61c74fb853ad5853ac,31.1,,,,5.0,0.67,,0.02,5.6,0.0,,,20.9
212,17.24,,0.3,0.73,24.9,42.1218,,2.6,0.9,,13.8,101.5,0.91,19.9,,2020-07-10T00:00:00Z,10.0,,22.2,12.8,9.6,2.35,0.81,A000680,23.0,20.8,2020-07-10T11:41:32Z,,11.1,-71.8065,2020-07-10T08:10:51Z,5d08fd61c74fb853ad5853ac,26.4,,,,2.7,0.81,,0.06,3.0,13.8,,,19.9
213,29.9,,0.4,0.75,25.8,42.1218,,4.5,0.92,,0.0,100.6,0.89,19.9,,2020-07-11T00:00:00Z,0.0,,22.8,22.2,10.8,2.47,0.83,A000680,23.7,21.1,2020-07-11T15:02:04Z,,-4.5,-71.8065,2020-07-11T06:10:19Z,5d08fd61c74fb853ad5853ac,27.6,,,,4.5,0.82,,0.06,4.9,0.0,,,20.8
214,18.5,,0.4,0.76,25.1,42.1218,,4.7,0.93,,0.0,100.4,0.91,19.5,,2020-07-12T00:00:00Z,0.0,,21.2,13.8,6.7,2.6,0.75,A000680,22.2,19.6,2020-07-12T13:11:36Z,,,-71.8065,2020-07-12T05:50:09Z,5d08fd61c74fb853ad5853ac,24.9,,,,3.1,0.74,,0.05,3.3,0.0,,,18.8
215,29.65,,0.7,0.77,24.8,42.1218,,4.6,0.95,,0.4,101.4,0.89,16.0,,2020-07-14T00:00:00Z,4.0,,19.5,22.0,12.0,1.87,0.68,A000680,21.3,17.1,2020-07-14T11:54:27Z,,-4.4,-71.8065,2020-07-14T22:56:30Z,5d08fd61c74fb853ad5853ac,26.1,,,,4.8,0.55,,0.05,5.1,0.4,,,16.2
216,16.27,,0.4,0.76,21.7,42.1218,,3.0,0.94,,0.0,102.2,0.87,13.4,,2020-07-15T00:00:00Z,0.0,,18.0,12.1,10.5,1.71,0.74,A000680,18.9,16.0,2020-07-15T14:19:33Z,,-2.6,-71.8065,2020-07-15T23:16:24Z,5d08fd61c74fb853ad5853ac,23.5,,,,2.6,0.68,,0.08,2.8,0.0,,,15.1
217,33.95,,0.5,0.78,22.1,42.1218,,7.7,0.97,,0.0,102.6,0.86,12.6,,2020-07-16T00:00:00Z,0.0,,16.3,25.3,11.4,1.53,0.68,A000680,18.1,13.8,2020-07-16T16:34:54Z,,-5.1,-71.8065,2020-07-16T01:56:58Z,5d08fd61c74fb853ad5853ac,23.6,,,,5.1,0.57,,0.06,5.3,0.0,,,14.1
218,7.64,,0.2,0.77,19.9,42.1218,,2.8,0.95,,4.7,102.1,0.89,12.3,,2020-07-17T00:00:00Z,4.0,,19.3,5.7,6.3,1.43,0.89,A000680,17.2,15.8,2020-07-17T19:25:35Z,,3.5,-71.8065,2020-07-17T02:32:02Z,5d08fd61c74fb853ad5853ac,21.0,,,,1.2,0.85,,0.12,1.3,4.7,,,13.6
219,36.51,,0.9,0.79,27.1,42.1218,,5.2,0.98,,0.0,101.7,0.95,18.5,,2020-07-18T00:00:00Z,7.0,,21.7,27.1,11.8,2.28,0.55,A000680,24.4,19.2,2020-07-18T14:19:23Z,,-6.5,-71.8065,2020-07-18T03:37:19Z,5d08fd61c74fb853ad5853ac,31.9,,,,6.5,0.47,,0.03,6.6,0.0,,,15.4
220,35.24,,0.8,0.8,27.4,42.1218,,5.8,0.99,,0.0,101.3,0.91,18.0,,2020-07-19T00:00:00Z,0.0,,23.0,26.2,11.9,2.26,0.64,A000680,25.1,20.3,2020-07-19T17:39:35Z,,-6.2,-71.8065,2020-07-19T05:47:25Z,5d08fd61c74fb853ad5853ac,31.3,,,,6.2,0.63,,0.04,6.3,0.0,,,17.9
221,24.22,,0.8,0.8,27.3,42.1218,,5.9,0.99,,0.0,101.0,0.9,20.5,,2020-07-20T00:00:00Z,0.0,,23.7,18.0,9.8,2.37,0.62,A000680,25.7,21.1,2020-07-20T17:44:24Z,,-4.5,-71.8065,2020-07-20T05:57:09Z,5d08fd61c74fb853ad5853ac,31.3,,,,4.5,0.6,,0.05,4.5,0.0,,,21.1
222,31.83,,1.0,0.8,26.7,42.1218,,5.5,0.99,,0.0,101.5,0.8,16.7,,2020-07-21T00:00:00Z,0.0,,21.1,23.7,11.8,2.1,0.55,A000680,24.7,18.2,2020-07-21T18:09:07Z,,-5.8,-71.8065,2020-07-21T05:51:53Z,5d08fd61c74fb853ad5853ac,31.6,,,,5.8,0.54,,0.06,5.8,0.0,,,18.8
223,20.62,,0.7,0.79,25.6,42.1218,,4.9,0.99,,1.2,101.7,0.82,16.5,,2020-07-22T00:00:00Z,2.0,,23.7,15.3,9.2,1.99,0.73,A000680,23.9,19.3,2020-07-22T16:08:28Z,,-2.6,-71.8065,2020-07-22T05:51:28Z,5d08fd61c74fb853ad5853ac,30.7,,,,3.8,0.63,,0.06,3.8,1.2,,,18.5
224,19.93,,0.4,0.79,25.5,42.1218,,2.7,0.99,,3.9,101.6,0.86,19.4,,2020-07-23T00:00:00Z,4.0,,23.4,14.8,7.8,2.59,0.82,A000680,23.5,21.1,2020-07-23T14:58:05Z,,0.4,-71.8065,2020-07-23T16:48:26Z,5d08fd61c74fb853ad5853ac,28.9,,,,3.5,0.72,,0.08,3.5,3.9,,,20.8
225,28.59,,0.8,0.8,26.1,42.1218,,1.9,1.0,,0.0,101.8,0.87,18.6,,2020-07-24T00:00:00Z,0.0,,22.3,21.3,11.8,2.44,0.54,A000680,23.8,19.4,2020-07-24T14:02:48Z,,-4.9,-71.8065,2020-07-24T22:40:43Z,5d08fd61c74fb853ad5853ac,32.5,,,,4.9,0.49,,0.05,4.9,0.0,,,18.3
226,38.78,,0.9,0.63,26.8,42.1218,,6.1,0.74,,0.0,101.8,0.9,18.1,,2020-07-25T00:00:00Z,4.0,,21.4,28.8,12.8,1.9,0.49,A000680,22.9,18.6,2020-07-25T16:34:17Z,,-4.0,-71.8065,2020-07-25T06:27:23Z,5d08fd61c74fb853ad5853ac,31.0,,,,4.0,0.46,,0.14,5.4,0.0,,,17.2
227,38.86,,0.9,0.61,27.2,42.1218,,5.9,0.72,,0.0,101.4,0.85,19.5,,2020-07-26T00:00:00Z,0.0,,20.3,28.9,12.8,1.96,0.54,A000680,23.2,18.9,2020-07-26T17:44:18Z,,-3.7,-71.8065,2020-07-26T06:47:13Z,5d08fd61c74fb853ad5853ac,29.5,,,,3.7,0.54,,0.14,5.2,0.0,,,18.2
228,38.33,,1.1,0.6,28.9,42.1218,,6.5,0.71,,0.0,100.8,0.79,19.1,,2020-07-27T00:00:00Z,0.0,,22.2,28.5,12.6,1.91,0.51,A000680,24.9,20.2,2020-07-27T16:48:53Z,,-3.9,-71.8065,2020-07-27T04:16:28Z,5d08fd61c74fb853ad5853ac,31.0,,,,3.9,0.49,,0.12,5.5,0.0,,,19.6
229,35.33,,0.9,0.54,28.1,42.1218,,4.7,0.62,,0.0,100.8,0.82,20.4,,2020-07-28T00:00:00Z,0.0,,23.8,26.3,12.5,2.14,0.64,A000680,24.5,20.2,2020-07-28T14:43:12Z,,-2.9,-71.8065,2020-07-28T04:46:17Z,5d08fd61c74fb853ad5853ac,30.9,,,,2.9,0.49,,0.13,4.7,0.0,,,20.2
230,33.77,,1.1,0.57,26.8,42.1218,,6.1,0.65,,0.0,101.2,0.79,15.0,,2020-07-29T00:00:00Z,0.0,,19.4,25.1,12.1,1.79,0.48,A000680,23.2,17.4,2020-07-29T09:12:01Z,,-3.1,-71.8065,2020-07-29T06:41:30Z,5d08fd61c74fb853ad5853ac,30.1,,,,3.1,0.43,,0.14,4.7,0.0,,,16.8
231,28.76,,0.7,0.46,26.3,42.1218,,4.6,0.5,,0.0,101.1,0.89,19.4,,2020-07-30T00:00:00Z,0.0,,21.7,21.4,11.9,1.89,0.64,A000680,22.4,19.3,2020-07-30T14:47:58Z,,-1.9,-71.8065,2020-07-30T06:26:20Z,5d08fd61c74fb853ad5853ac,28.5,,,,1.9,0.59,,0.05,3.7,0.0,,,18.4
232,34.07,,0.9,0.62,26.2,42.1218,,5.9,0.72,,0.0,101.0,0.85,17.6,,2020-07-31T00:00:00Z,0.0,,19.6,25.3,11.6,1.9,0.42,A000680,22.3,17.8,2020-07-31T15:33:01Z,,-3.4,-71.8065,2020-07-31T07:11:24Z,5d08fd61c74fb853ad5853ac,30.2,,,,3.4,0.4,,0.12,4.7,0.0,,,17.3
233,39.13,,1.1,0.61,27.2,42.1218,,6.0,0.71,,0.0,101.3,0.77,18.1,,2020-08-01T00:00:00Z,0.0,,19.9,29.1,12.6,1.83,0.38,A000680,23.1,17.7,2020-08-01T16:43:02Z,,-3.9,-71.8065,2020-08-01T07:11:16Z,5d08fd61c74fb853ad5853ac,30.3,,,,3.9,0.37,,0.12,5.5,0.0,,,17.3
234,20.81,,0.4,0.42,25.1,42.1218,,5.2,0.44,,33.1,101.5,0.9,19.3,,2020-08-02T00:00:00Z,2.0,,22.7,15.5,9.0,1.86,0.66,A000680,21.5,20.3,2020-08-02T13:47:19Z,,32.1,-71.8065,2020-08-02T06:00:47Z,5d08fd61c74fb853ad5853ac,26.5,,,,1.0,0.66,,0.02,2.2,33.1,,,18.5
235,35.98,,0.7,0.59,27.2,42.1218,,7.7,0.69,,0.0,101.5,0.81,19.8,,2020-08-03T00:00:00Z,0.0,,22.7,26.8,12.2,2.44,0.61,A000680,23.1,20.4,2020-08-03T15:37:27Z,,-3.1,-71.8065,2020-08-03T23:29:02Z,5d08fd61c74fb853ad5853ac,29.2,,,,3.1,0.57,,0.14,4.6,0.0,,,19.8
236,17.38,,0.4,0.3,24.3,42.1218,,2.9,0.26,,9.4,101.4,0.88,19.3,,2020-08-04T00:00:00Z,4.0,,22.4,12.9,10.1,2.3,0.83,A000680,21.1,20.2,2020-08-04T12:31:43Z,,9.0,-71.8065,2020-08-04T03:14:49Z,5d08fd61c74fb853ad5853ac,25.5,,,,0.4,0.8,,0.1,1.5,9.4,,,18.4
237,34.41,,0.7,0.54,25.9,42.1218,,6.6,0.61,,0.0,101.5,0.81,15.7,,2020-08-05T00:00:00Z,0.0,,20.6,25.6,12.4,1.93,0.5,A000680,21.6,18.2,2020-08-05T17:17:32Z,,-2.6,-71.8065,2020-08-05T23:48:54Z,5d08fd61c74fb853ad5853ac,27.9,,,,2.6,0.49,,0.13,4.3,0.0,,,17.4
238,31.02,,0.8,0.47,24.1,42.1218,0.0,7.9,0.51,1.0,0.0,102.0,0.81,16.0,,2020-08-06T00:00:00Z,0.0,,18.5,23.1,12.4,1.62,0.59,A000680,19.6,15.7,2020-08-06T16:52:21Z,False,-1.9,-71.8065,2020-08-06T23:53:49Z,5d08fd61c74fb853ad5853ac,28.0,,,,1.9,0.53,,0.05,3.8,0.0,,,13.9
239,17.22,,0.6,0.48,23.3,42.1218,0.0,7.2,0.53,1.0,0.0,102.2,0.78,14.3,,2020-08-07T00:00:00Z,0.0,,18.9,13.9,9.9,1.67,0.58,A000680,17.6,16.0,2020-08-07T16:27:14Z,False,-1.0,-71.8065,2020-08-07T07:25:26Z,5d08fd61c74fb853ad5853ac,26.1,,,,1.0,0.54,,2.11,1.9,0.0,,,12.2
240,22.96,,0.8,0.58,25.1,42.1218,1.0,6.2,0.67,1.0,0.2,102.1,0.88,15.2,,2020-08-08T00:00:00Z,1.0,,19.8,18.5,10.6,1.3,0.5,A000680,20.1,16.9,2020-08-08T15:06:51Z,False,-1.6,-71.8065,2020-08-08T04:59:52Z,5d08fd61c74fb853ad5853ac,29.2,,,,1.8,0.4,,3.14,2.7,0.2,,,12.7
241,21.1,,0.6,0.46,26.1,42.1218,0.0,6.2,0.5,1.0,0.0,101.9,0.93,18.1,,2020-08-09T00:00:00Z,2.0,,21.7,17.0,10.7,1.48,0.61,A000680,21.0,19.5,2020-08-09T16:16:54Z,False,-1.2,-71.8065,2020-08-09T06:25:01Z,5d08fd61c74fb853ad5853ac,29.4,,,,1.2,0.58,,0.07,2.3,0.0,,,12.8
242,21.15,,0.7,0.54,27.2,42.1218,0.0,5.8,0.61,1.0,0.0,101.6,0.93,19.2,,2020-08-10T00:00:00Z,0.0,,23.4,17.0,9.7,1.84,0.62,A000680,22.7,20.4,2020-08-10T17:06:50Z,False,-1.5,-71.8065,2020-08-10T06:59:59Z,5d08fd61c74fb853ad5853ac,29.7,,,,1.5,0.51,,0.14,2.5,0.0,,,17.0
243,22.4,,0.7,0.56,27.5,42.1218,0.0,6.5,0.65,1.0,0.0,101.5,0.91,20.1,,2020-08-11T00:00:00Z,0.0,,23.4,18.0,11.1,1.96,0.67,A000680,23.0,21.1,2020-08-11T15:21:08Z,False,-1.6,-71.8064,2020-08-11T04:04:02Z,5d08fd61c74fb853ad5853ac,29.8,,,,1.6,0.63,,0.13,2.5,0.0,,,18.3
244,21.24,,0.8,0.53,27.8,42.1218,2.0,6.0,0.6,1.0,0.7,101.6,0.89,19.6,,2020-08-12T00:00:00Z,2.0,,22.2,17.1,10.6,1.96,0.6,A000680,23.4,20.6,2020-08-12T14:00:26Z,False,-0.9,-71.8064,2020-08-12T06:03:59Z,5d08fd61c74fb853ad5853ac,29.9,,,,1.5,0.54,,0.12,2.5,0.7,,,18.2
245,18.07,,1.0,0.47,26.4,42.1218,0.0,5.2,0.51,1.0,0.0,101.9,0.75,16.3,,2020-08-13T00:00:00Z,0.0,,19.7,14.5,9.7,1.91,0.5,A000680,22.3,17.6,2020-08-13T13:34:55Z,False,-1.3,-71.8065,2020-08-13T06:53:42Z,5d08fd61c74fb853ad5853ac,28.3,,,,1.3,0.43,,2.07,2.4,0.0,,,17.9
246,20.69,,0.8,0.56,25.1,42.1218,0.0,5.8,0.65,1.0,0.0,101.8,0.86,17.1,,2020-08-14T00:00:00Z,0.0,,18.6,16.7,10.6,1.9,0.53,A000680,20.0,16.6,2020-08-14T14:19:45Z,False,-1.6,-71.8065,2020-08-14T05:13:01Z,5d08fd61c74fb853ad5853ac,27.7,,,,1.6,0.48,,2.89,2.5,0.0,,,11.9
247,10.59,,0.3,0.08,20.6,42.1218,0.0,7.0,0.0,1.0,0.0,101.9,0.88,14.6,,2020-08-15T00:00:00Z,0.0,,16.4,8.5,5.5,1.25,0.8,A000680,14.4,15.3,2020-08-15T14:34:43Z,False,0.0,-71.8065,2020-08-15T23:46:39Z,5d08fd61c74fb853ad5853ac,17.8,,,,0.0,0.75,,0.58,0.9,0.0,,,11.5
248,9.24,,0.2,0.06,19.6,42.1218,4.0,7.1,0.0,1.0,3.7,101.7,0.87,16.0,,2020-08-16T00:00:00Z,4.0,,16.5,7.4,4.8,1.31,0.84,A000680,13.7,15.3,2020-08-16T11:49:14Z,False,3.7,-71.8065,2020-08-16T14:09:44Z,5d08fd61c74fb853ad5853ac,16.8,,,,0.0,0.83,,0.5,0.7,3.7,,,9.4
249,20.82,,0.5,0.54,22.7,42.1218,2.0,6.3,0.62,1.0,2.7,101.2,0.86,15.0,,2020-08-17T00:00:00Z,2.0,,17.9,16.8,9.7,1.39,0.53,A000680,17.0,15.7,2020-08-17T14:59:56Z,False,1.4,-71.8065,2020-08-17T07:28:31Z,5d08fd61c74fb853ad5853ac,26.9,,,,1.3,0.51,,2.67,2.1,2.7,,,9.6
250,23.24,,0.7,0.56,23.7,42.1214,2.0,5.6,0.64,1.0,1.6,101.0,0.92,16.2,,2020-08-18T00:00:00Z,2.0,,17.5,18.7,10.8,1.68,0.59,A000680,18.5,15.2,2020-08-18T13:34:32Z,False,0.0,-71.8065,2020-08-18T07:08:18Z,5d08fd61c74fb853ad5853ac,25.0,,,,1.6,0.46,,2.82,2.5,1.6,,,11.8
251,18.09,,0.5,0.37,21.8,42.1218,1.0,6.4,0.37,1.0,0.3,101.4,0.81,13.3,,2020-08-19T00:00:00Z,1.0,,16.4,14.6,9.8,1.24,0.52,A000680,15.4,14.0,2020-08-19T10:03:46Z,False,-0.4,-71.8065,2020-08-19T02:12:06Z,5d08fd61c74fb853ad5853ac,23.7,,,,0.7,0.47,,1.46,1.9,0.3,,,6.6
252,23.97,,0.7,0.54,21.9,42.1218,0.0,7.4,0.62,1.0,0.0,101.7,0.81,12.3,,2020-08-20T00:00:00Z,0.0,,14.4,19.3,11.0,0.98,0.47,A000680,15.5,12.3,2020-08-20T18:25:25Z,False,-1.6,-71.8065,2020-08-20T06:53:09Z,5d08fd61c74fb853ad5853ac,24.0,,,,1.6,0.45,,2.65,2.5,0.0,,,8.3
253,23.02,,0.6,0.54,24.2,42.1218,0.0,7.2,0.62,1.0,0.0,101.4,0.86,14.5,,2020-08-21T00:00:00Z,0.0,,20.4,18.5,11.0,1.23,0.65,A000680,18.7,16.4,2020-08-21T17:30:13Z,False,-1.5,-71.8065,2020-08-21T07:23:15Z,5d08fd61c74fb853ad5853ac,26.8,,,,1.5,0.44,,2.7,2.4,0.0,,,9.2
254,19.51,,0.7,0.51,25.5,42.1218,3.0,6.4,0.57,1.0,4.4,101.4,0.9,16.9,,2020-08-22T00:00:00Z,3.0,,23.3,15.7,10.0,1.8,0.57,A000680,20.9,18.9,2020-08-22T14:24:30Z,False,3.1,-71.8064,2020-08-22T05:47:50Z,5d08fd61c74fb853ad5853ac,28.8,,,,1.3,0.54,,2.47,2.2,4.4,,,13.6
255,22.65,,0.7,0.53,25.3,42.1218,7.0,6.2,0.6,1.0,14.1,101.7,0.9,15.5,,2020-08-23T00:00:00Z,7.0,,21.6,18.2,10.2,1.81,0.58,A000680,20.1,18.4,2020-08-23T16:09:41Z,False,12.6,-71.8065,2020-08-23T06:02:45Z,5d08fd61c74fb853ad5853ac,29.2,,,,1.5,0.56,,2.62,2.5,14.1,,,13.2
256,18.52,,0.5,0.51,25.6,42.1218,0.0,6.8,0.57,1.0,0.0,101.5,0.91,17.9,,2020-08-24T00:00:00Z,1.0,,23.5,14.9,9.9,1.61,0.56,A000680,20.8,19.8,2020-08-24T16:24:46Z,False,-1.1,-71.8065,2020-08-24T00:01:26Z,5d08fd61c74fb853ad5853ac,29.8,,,,1.1,0.54,,2.47,2.0,0.0,,,14.0
257,17.89,,0.6,0.5,25.1,42.1218,0.0,6.1,0.55,1.0,0.0,100.8,0.74,15.1,,2020-08-25T00:00:00Z,2.0,,21.5,14.4,10.7,2.04,0.61,A000680,20.6,18.6,2020-08-25T16:04:34Z,False,-1.1,-71.8065,2020-08-25T22:51:00Z,5d08fd61c74fb853ad5853ac,26.9,,,,1.1,0.58,,2.24,1.9,0.0,,,12.1
258,22.08,,0.6,0.49,20.1,42.1218,0.0,7.3,0.55,1.0,0.0,101.2,0.58,8.4,,2020-08-26T00:00:00Z,0.0,,14.8,17.8,10.8,1.45,0.46,A000680,12.6,9.2,2020-08-26T18:15:05Z,False,-1.1,-71.8065,2020-08-26T20:45:35Z,5d08fd61c74fb853ad5853ac,20.8,,,,1.1,0.41,,2.22,2.1,0.0,,,7.0
259,9.57,,0.2,0.26,18.0,42.1218,2.0,7.3,0.2,1.0,11.2,100.9,0.79,12.0,,2020-08-27T00:00:00Z,3.0,,15.7,7.7,3.4,0.7,0.7,A000680,11.3,12.5,2020-08-27T12:44:05Z,False,11.0,-71.8065,2020-08-27T10:58:43Z,5d08fd61c74fb853ad5853ac,16.8,,,,0.1,0.62,,1.03,0.7,11.2,,,7.1
260,19.16,,0.4,0.45,22.6,42.1218,0.0,6.9,0.49,1.0,0.0,100.9,0.93,16.5,,2020-08-28T00:00:00Z,7.0,,18.5,15.4,10.1,1.45,0.64,A000680,17.0,16.3,2020-08-28T18:10:13Z,False,-0.9,-71.8065,2020-08-28T07:38:10Z,5d08fd61c74fb853ad5853ac,23.7,,,,0.9,0.61,,1.94,1.8,0.0,,,12.1
261,9.97,,0.3,-0.02,22.4,42.1218,4.0,3.7,0.0,1.0,4.2,100.3,0.93,17.8,,2020-08-29T00:00:00Z,4.0,,21.3,8.0,5.2,1.27,0.86,A000680,18.1,18.6,2020-08-29T18:15:21Z,False,4.2,-71.8065,2020-08-29T07:33:07Z,5d08fd61c74fb853ad5853ac,22.3,,,,0.0,0.76,,0.19,0.8,4.2,,,12.8
262,21.87,,0.5,0.48,20.7,42.1218,0.0,6.5,0.53,1.0,0.0,100.5,0.83,13.8,,2020-08-30T00:00:00Z,0.0,,18.2,17.6,10.8,2.1,0.81,A000680,13.9,12.4,2020-08-30T00:21:38Z,False,-1.0,-71.8065,2020-08-30T04:27:32Z,5d08fd61c74fb853ad5853ac,19.6,,,,1.0,0.53,,2.17,2.0,0.0,,,8.1
263,19.69,,0.6,0.42,20.4,42.1218,0.0,7.9,0.44,1.0,0.0,101.9,0.84,9.2,,2020-08-31T00:00:00Z,0.0,,14.1,15.9,10.7,0.89,0.46,A000680,13.7,11.4,2020-08-31T13:09:23Z,False,-0.9,-71.8065,2020-08-31T06:23:00Z,5d08fd61c74fb853ad5853ac,21.3,,,,0.9,0.44,,1.75,2.0,0.0,,,6.7
264,20.07,,0.5,0.43,21.1,42.1218,0.0,7.6,0.45,1.0,0.0,102.2,0.87,12.9,,2020-09-01T00:00:00Z,0.0,,15.3,16.2,10.3,1.08,0.57,A000680,14.5,13.6,2020-09-01T15:59:50Z,False,-0.8,-71.8065,2020-09-01T03:37:25Z,5d08fd61c74fb853ad5853ac,21.8,,,,0.8,0.56,,1.8,1.9,0.0,,,8.4
265,8.07,,0.1,0.02,19.2,42.1218,5.0,5.8,0.0,1.0,5.5,101.5,0.91,12.6,,2020-09-02T00:00:00Z,10.0,,19.9,6.5,1.3,1.05,0.94,A000680,12.6,15.7,2020-09-02T23:16:25Z,False,5.5,-71.8065,2020-09-02T04:12:20Z,5d08fd61c74fb853ad5853ac,18.9,,,,0.0,0.87,,0.38,0.5,5.5,,,8.4
266,15.69,,0.5,0.48,24.6,42.1218,2.0,6.2,0.52,1.0,1.9,100.9,0.86,19.0,,2020-09-03T00:00:00Z,8.0,,21.0,12.6,7.2,2.37,0.58,A000680,20.3,18.7,2020-09-03T15:09:41Z,False,1.0,-71.8065,2020-09-03T10:58:53Z,5d08fd61c74fb853ad5853ac,26.6,,,,0.9,0.53,,2.11,1.7,1.9,,,16.8
267,21.41,,0.7,0.46,23.5,42.1218,0.0,6.9,0.49,1.0,0.0,101.1,0.71,11.8,,2020-09-04T00:00:00Z,0.0,,18.8,17.2,10.5,1.65,0.44,A000680,17.8,15.1,2020-09-04T17:24:59Z,False,-1.1,-71.8065,2020-09-04T23:41:18Z,5d08fd61c74fb853ad5853ac,23.5,,,,1.1,0.42,,1.95,2.2,0.0,,,8.3
268,22.31,,0.7,0.45,20.7,42.1218,0.0,7.6,0.49,1.0,0.0,102.1,0.81,10.0,,2020-09-05T00:00:00Z,0.0,,13.1,18.0,10.5,0.88,0.48,A000680,14.3,10.5,2020-09-05T18:05:07Z,False,-1.1,-71.8065,2020-09-05T06:22:45Z,5d08fd61c74fb853ad5853ac,22.6,,,,1.1,0.43,,1.97,2.2,0.0,,,8.4
269,18.99,,0.6,0.46,21.9,42.1218,0.0,6.9,0.5,1.0,0.0,102.2,0.89,11.5,,2020-09-06T00:00:00Z,0.0,,17.3,15.3,8.8,0.95,0.5,A000680,15.9,13.9,2020-09-06T16:09:43Z,False,-1.0,-71.8065,2020-09-06T03:12:05Z,5d08fd61c74fb853ad5853ac,24.4,,,,1.0,0.47,,2.04,2.1,0.0,,,7.5
270,20.8,,0.5,0.44,22.2,42.1218,0.0,7.4,0.46,1.0,0.0,102.0,0.89,14.8,,2020-09-07T00:00:00Z,0.0,,16.1,16.7,10.0,1.43,0.55,A000680,15.9,14.8,2020-09-07T15:54:34Z,False,-0.9,-71.8065,2020-09-07T06:27:45Z,5d08fd61c74fb853ad5853ac,22.8,,,,0.9,0.53,,1.88,2.0,0.0,,,10.3
271,19.62,,0.6,0.45,24.1,42.1218,0.0,6.3,0.48,1.0,0.0,102.2,0.92,15.5,,2020-09-08T00:00:00Z,2.0,,19.3,15.8,9.4,1.68,0.52,A000680,18.7,17.2,2020-09-08T15:19:11Z,False,-1.0,-71.8065,2020-09-08T00:01:13Z,5d08fd61c74fb853ad5853ac,28.9,,,,1.0,0.49,,1.98,2.1,0.0,,,11.5
272,15.75,,0.6,0.34,24.0,42.122,0.0,6.8,0.33,1.0,0.0,102.6,0.94,17.2,,2020-09-09T00:00:00Z,5.0,,19.6,12.7,8.8,1.73,0.51,A000680,19.1,17.0,2020-09-09T12:48:38Z,False,-0.6,-71.8065,2020-09-09T07:37:37Z,5d08fd61c74fb853ad5853ac,26.8,,,,0.6,0.45,,1.35,1.8,0.0,,,12.3
273,11.22,,0.2,0.24,24.1,42.1218,6.0,5.6,0.18,1.0,6.8,102.4,0.85,17.1,,2020-09-10T00:00:00Z,4.0,,23.3,9.0,6.9,1.47,0.83,A000680,19.4,20.3,2020-09-10T15:29:03Z,False,6.7,-71.8065,2020-09-10T00:15:58Z,5d08fd61c74fb853ad5853ac,23.9,,,,0.2,0.81,,0.93,1.0,6.8,,,13.8
274,2.78,,0.2,,21.1,42.1218,1.0,,,0.41,1.2,102.1,0.9,15.6,,2020-09-11T00:00:00Z,2.0,,20.8,2.2,0.2,2.15,0.93,A000680,16.0,18.1,2020-09-11T00:00:46Z,False,,-71.8065,2020-09-11T09:17:43Z,5d08fd61c74fb853ad5853ac,19.9,,,,,0.89,,,0.1,1.2,,,9.1
